date,station,pm25,pm10
2016-01-01,24T,,45.0
2016-01-01,25T,,51.0
2016-01-02,24T,,57.0
2016-01-02,25T,,55.0
2016-01-03,24T,,73.0
2016-01-03,25T,,66.0
2016-01-04,24T,,129.0
2016-01-04,25T,,78.0
2016-01-05,24T,,249.0
2016-01-05,25T,,71.0
2016-01-06,24T,,219.0
2016-01-06,25T,,70.0
2016-01-07,24T,,266.0
2016-01-07,25T,,112.0
2016-01-08,24T,,202.0
2016-01-08,25T,,134.0
2016-01-09,24T,,115.0
2016-01-09,25T,,77.0
2016-01-10,24T,,106.0
2016-01-10,25T,,63.0
2016-01-11,24T,,147.0
2016-01-11,25T,,70.0
2016-01-12,24T,,190.0
2016-01-12,25T,,75.0
2016-01-13,24T,,190.0
2016-01-13,25T,,82.0
2016-01-14,24T,,164.0
2016-01-14,25T,,72.0
2016-01-15,24T,,86.0
2016-01-15,25T,,52.0
2016-01-16,24T,,74.0
2016-01-16,25T,,40.0
2016-01-17,24T,,70.0
2016-01-17,25T,,37.0
2016-01-18,24T,,118.0
2016-01-18,25T,,42.0
2016-01-19,24T,,78.0
2016-01-19,25T,,43.0
2016-01-20,24T,,74.0
2016-01-20,25T,,40.0
2016-01-21,24T,,102.0
2016-01-21,25T,,59.0
2016-01-22,24T,,99.0
2016-01-22,25T,,61.0
2016-01-23,24T,,128.0
2016-01-23,25T,,87.0
2016-01-24,24T,,76.0
2016-01-24,25T,,55.0
2016-01-25,24T,,70.0
2016-01-25,25T,,40.0
2016-01-26,24T,,99.0
2016-01-26,25T,,55.0
2016-01-27,24T,,103.0
2016-01-27,25T,,60.0
2016-01-28,24T,,152.0
2016-01-28,25T,,88.0
2016-01-29,24T,,199.0
2016-01-29,25T,,120.0
2016-01-30,24T,,221.0
2016-01-30,25T,,96.0
2016-01-31,24T,,76.0
2016-01-31,25T,,53.0
2016-02-01,24T,,149.0
2016-02-01,25T,,57.0
2016-02-02,24T,,132.0
2016-02-02,25T,,72.0
2016-02-03,24T,,116.0
2016-02-03,25T,,81.0
2016-02-04,24T,,135.0
2016-02-04,25T,,96.0
2016-02-05,24T,,149.0
2016-02-05,25T,,88.0
2016-02-06,24T,,162.0
2016-02-06,25T,,99.0
2016-02-07,24T,,180.0
2016-02-07,25T,,112.0
2016-02-08,24T,,139.0
2016-02-08,25T,,96.0
2016-02-09,24T,,196.0
2016-02-09,25T,,118.0
2016-02-10,24T,,225.0
2016-02-10,25T,,120.0
2016-02-11,24T,,201.0
2016-02-11,25T,,105.0
2016-02-12,24T,,161.0
2016-02-12,25T,,75.0
2016-02-13,24T,,167.0
2016-02-13,25T,,80.0
2016-02-14,24T,,107.0
2016-02-14,25T,,90.0
2016-02-15,24T,,114.0
2016-02-15,25T,,93.0
2016-02-16,24T,,191.0
2016-02-16,25T,,100.0
2016-02-17,24T,,197.0
2016-02-17,25T,,78.0
2016-02-18,24T,,204.0
2016-02-18,25T,,115.0
2016-02-19,24T,,203.0
2016-02-19,25T,,106.0
2016-02-20,24T,,118.0
2016-02-20,25T,,88.0
2016-02-21,24T,,121.0
2016-02-21,25T,,96.0
2016-02-22,24T,,98.0
2016-02-22,25T,,79.0
2016-02-23,24T,,81.0
2016-02-23,25T,,85.0
2016-02-24,24T,,
2016-02-24,25T,,95.0
2016-02-25,24T,,
2016-02-25,25T,,91.0
2016-02-26,24T,,
2016-02-26,25T,,77.0
2016-02-27,24T,,110.0
2016-02-27,25T,,92.0
2016-02-28,24T,,114.0
2016-02-28,25T,,83.0
2016-02-29,24T,,114.0
2016-02-29,25T,,92.0
2016-03-01,24T,,117.0
2016-03-01,25T,,94.0
2016-03-02,24T,,131.0
2016-03-02,25T,,134.0
2016-03-03,24T,,180.0
2016-03-03,25T,,148.0
2016-03-04,24T,,145.0
2016-03-04,25T,,134.0
2016-03-05,24T,,71.0
2016-03-05,25T,,79.0
2016-03-06,24T,,64.0
2016-03-06,25T,,77.0
2016-03-07,24T,,69.0
2016-03-07,25T,,71.0
2016-03-08,24T,,60.0
2016-03-08,25T,,78.0
2016-03-09,24T,,63.0
2016-03-09,25T,,74.0
2016-03-10,24T,,82.0
2016-03-10,25T,,87.0
2016-03-11,24T,,70.0
2016-03-11,25T,,77.0
2016-03-12,24T,,61.0
2016-03-12,25T,,70.0
2016-03-13,24T,,47.0
2016-03-13,25T,,58.0
2016-03-14,24T,,55.0
2016-03-14,25T,,66.0
2016-03-15,24T,,
2016-03-15,25T,,59.0
2016-03-16,24T,,
2016-03-16,25T,,72.0
2016-03-17,24T,,
2016-03-17,25T,,73.0
2016-03-18,24T,,83.0
2016-03-18,25T,,78.0
2016-03-19,24T,,81.0
2016-03-19,25T,,83.0
2016-03-20,24T,,62.0
2016-03-20,25T,,81.0
2016-03-21,24T,,
2016-03-21,25T,,79.0
2016-03-22,24T,,
2016-03-22,25T,,76.0
2016-03-23,24T,,102.0
2016-03-23,25T,,95.0
2016-03-24,24T,,109.0
2016-03-24,25T,,107.0
2016-03-25,24T,,155.0
2016-03-25,25T,,98.0
2016-03-26,24T,,
2016-03-26,25T,,106.0
2016-03-27,24T,,
2016-03-27,25T,,97.0
2016-03-28,24T,,
2016-03-28,25T,,100.0
2016-03-29,24T,,133.0
2016-03-29,25T,,111.0
2016-03-30,24T,,103.0
2016-03-30,25T,,72.0
2016-03-31,24T,,96.0
2016-03-31,25T,,80.0
2016-04-01,24T,,96.0
2016-04-01,25T,,83.0
2016-04-02,24T,,85.0
2016-04-02,25T,,65.0
2016-04-03,24T,,77.0
2016-04-03,25T,,63.0
2016-04-04,24T,,59.0
2016-04-04,25T,,61.0
2016-04-05,24T,,68.0
2016-04-05,25T,,60.0
2016-04-06,24T,,65.0
2016-04-06,25T,,62.0
2016-04-07,24T,,70.0
2016-04-07,25T,,67.0
2016-04-08,24T,,58.0
2016-04-08,25T,,57.0
2016-04-09,24T,,61.0
2016-04-09,25T,,57.0
2016-04-10,24T,,59.0
2016-04-10,25T,,59.0
2016-04-11,24T,,69.0
2016-04-11,25T,,74.0
2016-04-12,24T,,76.0
2016-04-12,25T,,77.0
2016-04-13,24T,,87.0
2016-04-13,25T,,89.0
2016-04-14,24T,,83.0
2016-04-14,25T,,88.0
2016-04-15,24T,,71.0
2016-04-15,25T,,77.0
2016-04-16,24T,,63.0
2016-04-16,25T,,70.0
2016-04-17,24T,,63.0
2016-04-17,25T,,66.0
2016-04-18,24T,,58.0
2016-04-18,25T,,65.0
2016-04-19,24T,,71.0
2016-04-19,25T,,65.0
2016-04-20,24T,,61.0
2016-04-20,25T,,55.0
2016-04-21,24T,,53.0
2016-04-21,25T,,56.0
2016-04-22,24T,,58.0
2016-04-22,25T,,67.0
2016-04-23,24T,,55.0
2016-04-23,25T,,69.0
2016-04-24,24T,,53.0
2016-04-24,25T,,65.0
2016-04-25,24T,,60.0
2016-04-25,25T,,67.0
2016-04-26,24T,,62.0
2016-04-26,25T,,68.0
2016-04-27,24T,,62.0
2016-04-27,25T,,70.0
2016-04-28,24T,,73.0
2016-04-28,25T,,70.0
2016-04-29,24T,,68.0
2016-04-29,25T,,66.0
2016-04-30,24T,,61.0
2016-04-30,25T,,37.0
2016-05-01,24T,,66.0
2016-05-01,25T,,54.0
2016-05-02,24T,,53.0
2016-05-02,25T,,47.0
2016-05-03,24T,,55.0
2016-05-03,25T,,47.0
2016-05-04,24T,,61.0
2016-05-04,25T,,46.0
2016-05-05,24T,,55.0
2016-05-05,25T,,46.0
2016-05-06,24T,,60.0
2016-05-06,25T,,55.0
2016-05-07,24T,,62.0
2016-05-07,25T,,47.0
2016-05-08,24T,,43.0
2016-05-08,25T,,42.0
2016-05-09,24T,,42.0
2016-05-09,25T,,44.0
2016-05-10,24T,,53.0
2016-05-10,25T,,46.0
2016-05-11,24T,,79.0
2016-05-11,25T,,49.0
2016-05-12,24T,,62.0
2016-05-12,25T,,54.0
2016-05-13,24T,,54.0
2016-05-13,25T,,48.0
2016-05-14,24T,,66.0
2016-05-14,25T,,43.0
2016-05-15,24T,,76.0
2016-05-15,25T,,45.0
2016-05-16,24T,,138.0
2016-05-16,25T,,57.0
2016-05-17,24T,,95.0
2016-05-17,25T,,53.0
2016-05-18,24T,,41.0
2016-05-18,25T,,34.0
2016-05-19,24T,,91.0
2016-05-19,25T,,46.0
2016-05-20,24T,,65.0
2016-05-20,25T,,31.0
2016-05-21,24T,,64.0
2016-05-21,25T,,34.0
2016-05-22,24T,,31.0
2016-05-22,25T,,33.0
2016-05-23,24T,,42.0
2016-05-23,25T,,42.0
2016-05-24,24T,,53.0
2016-05-24,25T,,50.0
2016-05-25,24T,,43.0
2016-05-25,25T,,50.0
2016-05-26,24T,,41.0
2016-05-26,25T,,48.0
2016-05-27,24T,,45.0
2016-05-27,25T,,50.0
2016-05-28,24T,,48.0
2016-05-28,25T,,62.0
2016-05-29,24T,,54.0
2016-05-29,25T,,
2016-05-30,24T,,69.0
2016-05-30,25T,,
2016-05-31,24T,,66.0
2016-05-31,25T,,28.0
2016-06-01,24T,,63.0
2016-06-01,25T,,18.0
2016-06-02,24T,,60.0
2016-06-02,25T,,23.0
2016-06-03,24T,,51.0
2016-06-03,25T,,18.0
2016-06-04,24T,,44.0
2016-06-04,25T,,25.0
2016-06-05,24T,,38.0
2016-06-05,25T,,34.0
2016-06-06,24T,,60.0
2016-06-06,25T,,29.0
2016-06-07,24T,,91.0
2016-06-07,25T,,42.0
2016-06-08,24T,,44.0
2016-06-08,25T,,40.0
2016-06-09,24T,,37.0
2016-06-09,25T,,43.0
2016-06-10,24T,,67.0
2016-06-10,25T,,44.0
2016-06-11,24T,,38.0
2016-06-11,25T,,37.0
2016-06-12,24T,,
2016-06-12,25T,,36.0
2016-06-13,24T,,
2016-06-13,25T,,40.0
2016-06-14,24T,,
2016-06-14,25T,,33.0
2016-06-15,24T,,
2016-06-15,25T,,32.0
2016-06-16,24T,,30.0
2016-06-16,25T,,20.0
2016-06-17,24T,,32.0
2016-06-17,25T,,14.0
2016-06-18,24T,,57.0
2016-06-18,25T,,20.0
2016-06-19,24T,,62.0
2016-06-19,25T,,35.0
2016-06-20,24T,,80.0
2016-06-20,25T,,34.0
2016-06-21,24T,,142.0
2016-06-21,25T,,31.0
2016-06-22,24T,,119.0
2016-06-22,25T,,38.0
2016-06-23,24T,,54.0
2016-06-23,25T,,21.0
2016-06-24,24T,,64.0
2016-06-24,25T,,18.0
2016-06-25,24T,,74.0
2016-06-25,25T,,29.0
2016-06-26,24T,,37.0
2016-06-26,25T,,23.0
2016-06-27,24T,,63.0
2016-06-27,25T,,23.0
2016-06-28,24T,,72.0
2016-06-28,25T,,29.0
2016-06-29,24T,,
2016-06-29,25T,,24.0
2016-06-30,24T,,
2016-06-30,25T,,21.0
2016-07-01,24T,,
2016-07-01,25T,,25.0
2016-07-02,24T,,43.0
2016-07-02,25T,,21.0
2016-07-03,24T,,80.0
2016-07-03,25T,,37.0
2016-07-04,24T,,92.0
2016-07-04,25T,,
2016-07-05,24T,,67.0
2016-07-05,25T,,
2016-07-06,24T,,66.0
2016-07-06,25T,,32.0
2016-07-07,24T,,83.0
2016-07-07,25T,,24.0
2016-07-08,24T,,55.0
2016-07-08,25T,,25.0
2016-07-09,24T,,45.0
2016-07-09,25T,,33.0
2016-07-10,24T,,51.0
2016-07-10,25T,,33.0
2016-07-11,24T,,51.0
2016-07-11,25T,,35.0
2016-07-12,24T,,68.0
2016-07-12,25T,,52.0
2016-07-13,24T,,73.0
2016-07-13,25T,,26.0
2016-07-14,24T,,80.0
2016-07-14,25T,,26.0
2016-07-15,24T,,94.0
2016-07-15,25T,,38.0
2016-07-16,24T,,77.0
2016-07-16,25T,,40.0
2016-07-17,24T,,85.0
2016-07-17,25T,,33.0
2016-07-18,24T,,93.0
2016-07-18,25T,,37.0
2016-07-19,24T,,41.0
2016-07-19,25T,,24.0
2016-07-20,24T,,65.0
2016-07-20,25T,,15.0
2016-07-21,24T,,76.0
2016-07-21,25T,,30.0
2016-07-22,24T,,97.0
2016-07-22,25T,,34.0
2016-07-23,24T,,108.0
2016-07-23,25T,,32.0
2016-07-24,24T,,124.0
2016-07-24,25T,,40.0
2016-07-25,24T,,82.0
2016-07-25,25T,,26.0
2016-07-26,24T,,73.0
2016-07-26,25T,,33.0
2016-07-27,24T,,59.0
2016-07-27,25T,,21.0
2016-07-28,24T,,88.0
2016-07-28,25T,,20.0
2016-07-29,24T,,39.0
2016-07-29,25T,,19.0
2016-07-30,24T,,42.0
2016-07-30,25T,,24.0
2016-07-31,24T,,52.0
2016-07-31,25T,,29.0
2016-08-01,24T,,56.0
2016-08-01,25T,,30.0
2016-08-02,24T,,44.0
2016-08-02,25T,,29.0
2016-08-03,24T,,44.0
2016-08-03,25T,,29.0
2016-08-04,24T,,31.0
2016-08-04,25T,,38.0
2016-08-05,24T,,52.0
2016-08-05,25T,,31.0
2016-08-06,24T,,41.0
2016-08-06,25T,,27.0
2016-08-07,24T,,43.0
2016-08-07,25T,,24.0
2016-08-08,24T,,41.0
2016-08-08,25T,,28.0
2016-08-09,24T,,55.0
2016-08-09,25T,,28.0
2016-08-10,24T,,82.0
2016-08-10,25T,,42.0
2016-08-11,24T,,74.0
2016-08-11,25T,,41.0
2016-08-12,24T,,54.0
2016-08-12,25T,,30.0
2016-08-13,24T,,49.0
2016-08-13,25T,,34.0
2016-08-14,24T,,46.0
2016-08-14,25T,,37.0
2016-08-15,24T,,39.0
2016-08-15,25T,,31.0
2016-08-16,24T,,55.0
2016-08-16,25T,,36.0
2016-08-17,24T,,56.0
2016-08-17,25T,,41.0
2016-08-18,24T,,57.0
2016-08-18,25T,,50.0
2016-08-19,24T,,57.0
2016-08-19,25T,,48.0
2016-08-20,24T,,65.0
2016-08-20,25T,,48.0
2016-08-21,24T,,103.0
2016-08-21,25T,,54.0
2016-08-22,24T,,86.0
2016-08-22,25T,,
2016-08-23,24T,,120.0
2016-08-23,25T,,
2016-08-24,24T,,130.0
2016-08-24,25T,,40.0
2016-08-25,24T,,116.0
2016-08-25,25T,,35.0
2016-08-26,24T,,115.0
2016-08-26,25T,,42.0
2016-08-27,24T,,86.0
2016-08-27,25T,,37.0
2016-08-28,24T,,91.0
2016-08-28,25T,,33.0
2016-08-29,24T,,72.0
2016-08-29,25T,,20.0
2016-08-30,24T,,58.0
2016-08-30,25T,,16.0
2016-08-31,24T,,52.0
2016-08-31,25T,,29.0
2016-09-01,24T,,43.0
2016-09-01,25T,,25.0
2016-09-02,24T,,48.0
2016-09-02,25T,,26.0
2016-09-03,24T,,55.0
2016-09-03,25T,,23.0
2016-09-04,24T,,54.0
2016-09-04,25T,,26.0
2016-09-05,24T,,57.0
2016-09-05,25T,,30.0
2016-09-06,24T,,61.0
2016-09-06,25T,,26.0
2016-09-07,24T,,63.0
2016-09-07,25T,,19.0
2016-09-08,24T,,39.0
2016-09-08,25T,,27.0
2016-09-09,24T,,73.0
2016-09-09,25T,,28.0
2016-09-10,24T,,75.0
2016-09-10,25T,,
2016-09-11,24T,,76.0
2016-09-11,25T,,
2016-09-12,24T,,89.0
2016-09-12,25T,,
2016-09-13,24T,,71.0
2016-09-13,25T,,26.0
2016-09-14,24T,,54.0
2016-09-14,25T,,26.0
2016-09-15,24T,,78.0
2016-09-15,25T,,28.0
2016-09-16,24T,,98.0
2016-09-16,25T,,33.0
2016-09-17,24T,,78.0
2016-09-17,25T,,24.0
2016-09-18,24T,,73.0
2016-09-18,25T,,20.0
2016-09-19,24T,,103.0
2016-09-19,25T,,37.0
2016-09-20,24T,,88.0
2016-09-20,25T,,34.0
2016-09-21,24T,,100.0
2016-09-21,25T,,28.0
2016-09-22,24T,,148.0
2016-09-22,25T,,42.0
2016-09-23,24T,,111.0
2016-09-23,25T,,30.0
2016-09-24,24T,,124.0
2016-09-24,25T,,30.0
2016-09-25,24T,,70.0
2016-09-25,25T,,26.0
2016-09-26,24T,,105.0
2016-09-26,25T,,28.0
2016-09-27,24T,,88.0
2016-09-27,25T,,24.0
2016-09-28,24T,,59.0
2016-09-28,25T,,20.0
2016-09-29,24T,,70.0
2016-09-29,25T,,
2016-09-30,24T,,89.0
2016-09-30,25T,,31.0
2016-10-01,24T,,137.0
2016-10-01,25T,,39.0
2016-10-02,24T,,148.0
2016-10-02,25T,,45.0
2016-10-03,24T,,119.0
2016-10-03,25T,,30.0
2016-10-04,24T,,106.0
2016-10-04,25T,,25.0
2016-10-05,24T,,121.0
2016-10-05,25T,,39.0
2016-10-06,24T,,153.0
2016-10-06,25T,,35.0
2016-10-07,24T,,134.0
2016-10-07,25T,,32.0
2016-10-08,24T,,128.0
2016-10-08,25T,,34.0
2016-10-09,24T,,125.0
2016-10-09,25T,,41.0
2016-10-10,24T,,169.0
2016-10-10,25T,,37.0
2016-10-11,24T,,177.0
2016-10-11,25T,,53.0
2016-10-12,24T,,201.0
2016-10-12,25T,,65.0
2016-10-13,24T,,226.0
2016-10-13,25T,,66.0
2016-10-14,24T,,151.0
2016-10-14,25T,,44.0
2016-10-15,24T,,133.0
2016-10-15,25T,,40.0
2016-10-16,24T,,86.0
2016-10-16,25T,,31.0
2016-10-17,24T,,138.0
2016-10-17,25T,,42.0
2016-10-18,24T,,142.0
2016-10-18,25T,,44.0
2016-10-19,24T,,165.0
2016-10-19,25T,,53.0
2016-10-20,24T,,103.0
2016-10-20,25T,,37.0
2016-10-21,24T,,56.0
2016-10-21,25T,,31.0
2016-10-22,24T,,61.0
2016-10-22,25T,,36.0
2016-10-23,24T,,69.0
2016-10-23,25T,,35.0
2016-10-24,24T,,87.0
2016-10-24,25T,,44.0
2016-10-25,24T,,142.0
2016-10-25,25T,,37.0
2016-10-26,24T,,149.0
2016-10-26,25T,,45.0
2016-10-27,24T,,157.0
2016-10-27,25T,,39.0
2016-10-28,24T,,162.0
2016-10-28,25T,,44.0
2016-10-29,24T,,117.0
2016-10-29,25T,,33.0
2016-10-30,24T,,108.0
2016-10-30,25T,,34.0
2016-10-31,24T,,98.0
2016-10-31,25T,,34.0
2016-11-01,24T,,111.0
2016-11-01,25T,,27.0
2016-11-02,24T,,82.0
2016-11-02,25T,,36.0
2016-11-03,24T,,82.0
2016-11-03,25T,,38.0
2016-11-04,24T,,118.0
2016-11-04,25T,,37.0
2016-11-05,24T,,169.0
2016-11-05,25T,,58.0
2016-11-06,24T,,137.0
2016-11-06,25T,,66.0
2016-11-07,24T,,160.0
2016-11-07,25T,,56.0
2016-11-08,24T,,92.0
2016-11-08,25T,,38.0
2016-11-09,24T,,158.0
2016-11-09,25T,,37.0
2016-11-10,24T,,136.0
2016-11-10,25T,,40.0
2016-11-11,24T,,98.0
2016-11-11,25T,,42.0
2016-11-12,24T,,134.0
2016-11-12,25T,,47.0
2016-11-13,24T,,115.0
2016-11-13,25T,,41.0
2016-11-14,24T,,182.0
2016-11-14,25T,,43.0
2016-11-15,24T,,146.0
2016-11-15,25T,,59.0
2016-11-16,24T,,110.0
2016-11-16,25T,,49.0
2016-11-17,24T,,117.0
2016-11-17,25T,,
2016-11-18,24T,,104.0
2016-11-18,25T,,48.0
2016-11-19,24T,,141.0
2016-11-19,25T,,54.0
2016-11-20,24T,,116.0
2016-11-20,25T,,43.0
2016-11-21,24T,,172.0
2016-11-21,25T,,60.0
2016-11-22,24T,,150.0
2016-11-22,25T,,62.0
2016-11-23,24T,,145.0
2016-11-23,25T,,53.0
2016-11-24,24T,,114.0
2016-11-24,25T,,39.0
2016-11-25,24T,,100.0
2016-11-25,25T,,42.0
2016-11-26,24T,,92.0
2016-11-26,25T,,41.0
2016-11-27,24T,,68.0
2016-11-27,25T,,36.0
2016-11-28,24T,,83.0
2016-11-28,25T,,48.0
2016-11-29,24T,,97.0
2016-11-29,25T,,59.0
2016-11-30,24T,,105.0
2016-11-30,25T,,49.0
2016-12-01,24T,,98.0
2016-12-01,25T,,50.0
2016-12-02,24T,,93.0
2016-12-02,25T,,50.0
2016-12-03,24T,,86.0
2016-12-03,25T,,53.0
2016-12-04,24T,,81.0
2016-12-04,25T,,46.0
2016-12-05,24T,,60.0
2016-12-05,25T,,43.0
2016-12-06,24T,,100.0
2016-12-06,25T,,55.0
2016-12-07,24T,,128.0
2016-12-07,25T,,65.0
2016-12-08,24T,,134.0
2016-12-08,25T,,62.0
2016-12-09,24T,,127.0
2016-12-09,25T,,68.0
2016-12-10,24T,,151.0
2016-12-10,25T,,89.0
2016-12-11,24T,,164.0
2016-12-11,25T,,79.0
2016-12-12,24T,,177.0
2016-12-12,25T,,82.0
2016-12-13,24T,,231.0
2016-12-13,25T,,92.0
2016-12-14,24T,,167.0
2016-12-14,25T,,59.0
2016-12-15,24T,,99.0
2016-12-15,25T,,41.0
2016-12-16,24T,,72.0
2016-12-16,25T,,38.0
2016-12-17,24T,,89.0
2016-12-17,25T,,56.0
2016-12-18,24T,,94.0
2016-12-18,25T,,56.0
2016-12-19,24T,,134.0
2016-12-19,25T,,56.0
2016-12-20,24T,,190.0
2016-12-20,25T,,84.0
2016-12-21,24T,,189.0
2016-12-21,25T,,74.0
2016-12-22,24T,,144.0
2016-12-22,25T,,61.0
2016-12-23,24T,,91.0
2016-12-23,25T,,46.0
2016-12-24,24T,,161.0
2016-12-24,25T,,59.0
2016-12-25,24T,,145.0
2016-12-25,25T,,66.0
2016-12-26,24T,,173.0
2016-12-26,25T,,80.0
2016-12-27,24T,,128.0
2016-12-27,25T,,63.0
2016-12-28,24T,,94.0
2016-12-28,25T,,56.0
2016-12-29,24T,,102.0
2016-12-29,25T,,79.0
2016-12-30,24T,,65.0
2016-12-30,25T,,70.0
2016-12-31,24T,,53.0
2016-12-31,25T,,57.0
2017-01-01,24T,17.0,35.0
2017-01-01,25T,,40.0
2017-01-02,24T,17.0,39.0
2017-01-02,25T,,38.0
2017-01-03,24T,22.0,54.0
2017-01-03,25T,,42.0
2017-01-04,24T,32.0,67.0
2017-01-04,25T,,49.0
2017-01-05,24T,34.0,100.0
2017-01-05,25T,,57.0
2017-01-06,24T,31.0,91.0
2017-01-06,25T,,44.0
2017-01-07,24T,57.0,165.0
2017-01-07,25T,,67.0
2017-01-08,24T,59.0,159.0
2017-01-08,25T,,55.0
2017-01-09,24T,71.0,163.0
2017-01-09,25T,,49.0
2017-01-10,24T,79.0,157.0
2017-01-10,25T,,
2017-01-11,24T,70.0,214.0
2017-01-11,25T,,41.0
2017-01-12,24T,47.0,138.0
2017-01-12,25T,,28.0
2017-01-13,24T,59.0,154.0
2017-01-13,25T,,56.0
2017-01-14,24T,75.0,216.0
2017-01-14,25T,,77.0
2017-01-15,24T,58.0,166.0
2017-01-15,25T,,71.0
2017-01-16,24T,46.0,138.0
2017-01-16,25T,,58.0
2017-01-17,24T,63.0,208.0
2017-01-17,25T,,72.0
2017-01-18,24T,51.0,160.0
2017-01-18,25T,,58.0
2017-01-19,24T,48.0,165.0
2017-01-19,25T,,
2017-01-20,24T,43.0,142.0
2017-01-20,25T,,66.0
2017-01-21,24T,31.0,117.0
2017-01-21,25T,,
2017-01-22,24T,25.0,88.0
2017-01-22,25T,,
2017-01-23,24T,29.0,99.0
2017-01-23,25T,,
2017-01-24,24T,32.0,104.0
2017-01-24,25T,,60.0
2017-01-25,24T,39.0,119.0
2017-01-25,25T,,67.0
2017-01-26,24T,33.0,109.0
2017-01-26,25T,,52.0
2017-01-27,24T,37.0,120.0
2017-01-27,25T,,59.0
2017-01-28,24T,42.0,132.0
2017-01-28,25T,,66.0
2017-01-29,24T,80.0,227.0
2017-01-29,25T,,89.0
2017-01-30,24T,82.0,238.0
2017-01-30,25T,,105.0
2017-01-31,24T,44.0,138.0
2017-01-31,25T,,78.0
2017-02-01,24T,59.0,191.0
2017-02-01,25T,,90.0
2017-02-02,24T,35.0,106.0
2017-02-02,25T,,63.0
2017-02-03,24T,38.0,128.0
2017-02-03,25T,,33.0
2017-02-04,24T,46.0,139.0
2017-02-04,25T,,58.0
2017-02-05,24T,65.0,208.0
2017-02-05,25T,,89.0
2017-02-06,24T,77.0,215.0
2017-02-06,25T,,102.0
2017-02-07,24T,89.0,242.0
2017-02-07,25T,,101.0
2017-02-08,24T,86.0,189.0
2017-02-08,25T,,84.0
2017-02-09,24T,86.0,257.0
2017-02-09,25T,,79.0
2017-02-10,24T,64.0,206.0
2017-02-10,25T,,113.0
2017-02-11,24T,39.0,120.0
2017-02-11,25T,,80.0
2017-02-12,24T,31.0,104.0
2017-02-12,25T,,72.0
2017-02-13,24T,47.0,122.0
2017-02-13,25T,,81.0
2017-02-14,24T,52.0,146.0
2017-02-14,25T,,88.0
2017-02-15,24T,48.0,159.0
2017-02-15,25T,,83.0
2017-02-16,24T,58.0,188.0
2017-02-16,25T,,85.0
2017-02-17,24T,71.0,230.0
2017-02-17,25T,,100.0
2017-02-18,24T,63.0,197.0
2017-02-18,25T,,105.0
2017-02-19,24T,54.0,175.0
2017-02-19,25T,,99.0
2017-02-20,24T,87.0,224.0
2017-02-20,25T,,105.0
2017-02-21,24T,60.0,147.0
2017-02-21,25T,,76.0
2017-02-22,24T,51.0,120.0
2017-02-22,25T,,63.0
2017-02-23,24T,48.0,112.0
2017-02-23,25T,,54.0
2017-02-24,24T,36.0,98.0
2017-02-24,25T,,46.0
2017-02-25,24T,35.0,93.0
2017-02-25,25T,,42.0
2017-02-26,24T,40.0,128.0
2017-02-26,25T,,73.0
2017-02-27,24T,38.0,134.0
2017-02-27,25T,,81.0
2017-02-28,24T,56.0,152.0
2017-02-28,25T,,90.0
2017-03-01,24T,70.0,204.0
2017-03-01,25T,,89.0
2017-03-02,24T,47.0,141.0
2017-03-02,25T,,82.0
2017-03-03,24T,60.0,172.0
2017-03-03,25T,,105.0
2017-03-04,24T,79.0,175.0
2017-03-04,25T,,96.0
2017-03-05,24T,51.0,102.0
2017-03-05,25T,,71.0
2017-03-06,24T,40.0,102.0
2017-03-06,25T,,69.0
2017-03-07,24T,44.0,88.0
2017-03-07,25T,,60.0
2017-03-08,24T,45.0,90.0
2017-03-08,25T,,61.0
2017-03-09,24T,42.0,93.0
2017-03-09,25T,,54.0
2017-03-10,24T,32.0,84.0
2017-03-10,25T,,52.0
2017-03-11,24T,42.0,91.0
2017-03-11,25T,,57.0
2017-03-12,24T,38.0,81.0
2017-03-12,25T,,59.0
2017-03-13,24T,43.0,103.0
2017-03-13,25T,,63.0
2017-03-14,24T,52.0,122.0
2017-03-14,25T,,71.0
2017-03-15,24T,38.0,81.0
2017-03-15,25T,,57.0
2017-03-16,24T,43.0,121.0
2017-03-16,25T,,57.0
2017-03-17,24T,50.0,139.0
2017-03-17,25T,,50.0
2017-03-18,24T,42.0,107.0
2017-03-18,25T,,49.0
2017-03-19,24T,33.0,89.0
2017-03-19,25T,,45.0
2017-03-20,24T,41.0,102.0
2017-03-20,25T,,44.0
2017-03-21,24T,40.0,111.0
2017-03-21,25T,,50.0
2017-03-22,24T,49.0,120.0
2017-03-22,25T,,57.0
2017-03-23,24T,36.0,82.0
2017-03-23,25T,,47.0
2017-03-24,24T,37.0,92.0
2017-03-24,25T,,32.0
2017-03-25,24T,38.0,106.0
2017-03-25,25T,,55.0
2017-03-26,24T,33.0,87.0
2017-03-26,25T,,50.0
2017-03-27,24T,40.0,134.0
2017-03-27,25T,,48.0
2017-03-28,24T,35.0,94.0
2017-03-28,25T,,57.0
2017-03-29,24T,53.0,153.0
2017-03-29,25T,,57.0
2017-03-30,24T,33.0,81.0
2017-03-30,25T,,46.0
2017-03-31,24T,22.0,54.0
2017-03-31,25T,,39.0
2017-04-01,24T,28.0,91.0
2017-04-01,25T,,35.0
2017-04-02,24T,27.0,86.0
2017-04-02,25T,,45.0
2017-04-03,24T,41.0,117.0
2017-04-03,25T,,58.0
2017-04-04,24T,44.0,114.0
2017-04-04,25T,,66.0
2017-04-05,24T,59.0,164.0
2017-04-05,25T,,62.0
2017-04-06,24T,42.0,99.0
2017-04-06,25T,,42.0
2017-04-07,24T,42.0,89.0
2017-04-07,25T,,40.0
2017-04-08,24T,34.0,89.0
2017-04-08,25T,,38.0
2017-04-09,24T,40.0,56.0
2017-04-09,25T,,37.0
2017-04-10,24T,29.0,55.0
2017-04-10,25T,,36.0
2017-04-11,24T,20.0,46.0
2017-04-11,25T,,34.0
2017-04-12,24T,27.0,40.0
2017-04-12,25T,,36.0
2017-04-13,24T,24.0,38.0
2017-04-13,25T,,36.0
2017-04-14,24T,16.0,38.0
2017-04-14,25T,,41.0
2017-04-15,24T,23.0,54.0
2017-04-15,25T,,36.0
2017-04-16,24T,28.0,41.0
2017-04-16,25T,,36.0
2017-04-17,24T,31.0,56.0
2017-04-17,25T,,45.0
2017-04-18,24T,36.0,86.0
2017-04-18,25T,,56.0
2017-04-19,24T,25.0,52.0
2017-04-19,25T,,41.0
2017-04-20,24T,26.0,57.0
2017-04-20,25T,,49.0
2017-04-21,24T,34.0,86.0
2017-04-21,25T,,89.0
2017-04-22,24T,51.0,125.0
2017-04-22,25T,,86.0
2017-04-23,24T,48.0,112.0
2017-04-23,25T,,92.0
2017-04-24,24T,47.0,94.0
2017-04-24,25T,,79.0
2017-04-25,24T,38.0,88.0
2017-04-25,25T,,74.0
2017-04-26,24T,45.0,116.0
2017-04-26,25T,,66.0
2017-04-27,24T,43.0,116.0
2017-04-27,25T,,58.0
2017-04-28,24T,44.0,144.0
2017-04-28,25T,,49.0
2017-04-29,24T,39.0,117.0
2017-04-29,25T,,44.0
2017-04-30,24T,,90.0
2017-04-30,25T,,56.0
2017-05-01,24T,31.0,57.0
2017-05-01,25T,,42.0
2017-05-02,24T,42.0,82.0
2017-05-02,25T,,46.0
2017-05-03,24T,48.0,83.0
2017-05-03,25T,,51.0
2017-05-04,24T,37.0,73.0
2017-05-04,25T,,44.0
2017-05-05,24T,35.0,89.0
2017-05-05,25T,,41.0
2017-05-06,24T,53.0,148.0
2017-05-06,25T,,60.0
2017-05-07,24T,34.0,117.0
2017-05-07,25T,,34.0
2017-05-08,24T,48.0,120.0
2017-05-08,25T,,39.0
2017-05-09,24T,36.0,84.0
2017-05-09,25T,,33.0
2017-05-10,24T,40.0,134.0
2017-05-10,25T,,39.0
2017-05-11,24T,47.0,170.0
2017-05-11,25T,,41.0
2017-05-12,24T,55.0,190.0
2017-05-12,25T,,41.0
2017-05-13,24T,54.0,149.0
2017-05-13,25T,,36.0
2017-05-14,24T,32.0,107.0
2017-05-14,25T,,34.0
2017-05-15,24T,28.0,67.0
2017-05-15,25T,,25.0
2017-05-16,24T,34.0,91.0
2017-05-16,25T,,24.0
2017-05-17,24T,21.0,72.0
2017-05-17,25T,,12.0
2017-05-18,24T,25.0,46.0
2017-05-18,25T,,32.0
2017-05-19,24T,35.0,93.0
2017-05-19,25T,,36.0
2017-05-20,24T,40.0,83.0
2017-05-20,25T,,43.0
2017-05-21,24T,38.0,86.0
2017-05-21,25T,,47.0
2017-05-22,24T,38.0,87.0
2017-05-22,25T,,48.0
2017-05-23,24T,30.0,76.0
2017-05-23,25T,,45.0
2017-05-24,24T,47.0,82.0
2017-05-24,25T,,30.0
2017-05-25,24T,40.0,87.0
2017-05-25,25T,,29.0
2017-05-26,24T,43.0,108.0
2017-05-26,25T,,25.0
2017-05-27,24T,41.0,111.0
2017-05-27,25T,,47.0
2017-05-28,24T,33.0,78.0
2017-05-28,25T,,25.0
2017-05-29,24T,38.0,83.0
2017-05-29,25T,,32.0
2017-05-30,24T,33.0,78.0
2017-05-30,25T,,26.0
2017-05-31,24T,33.0,62.0
2017-05-31,25T,,35.0
2017-06-01,24T,25.0,49.0
2017-06-01,25T,,28.0
2017-06-02,24T,23.0,37.0
2017-06-02,25T,,28.0
2017-06-03,24T,17.0,47.0
2017-06-03,25T,,28.0
2017-06-04,24T,6.0,20.0
2017-06-04,25T,,18.0
2017-06-05,24T,13.0,38.0
2017-06-05,25T,,22.0
2017-06-06,24T,,50.0
2017-06-06,25T,,
2017-06-07,24T,20.0,53.0
2017-06-07,25T,,14.0
2017-06-08,24T,14.0,39.0
2017-06-08,25T,,19.0
2017-06-09,24T,24.0,54.0
2017-06-09,25T,,22.0
2017-06-10,24T,24.0,58.0
2017-06-10,25T,,29.0
2017-06-11,24T,26.0,56.0
2017-06-11,25T,,49.0
2017-06-12,24T,29.0,70.0
2017-06-12,25T,,59.0
2017-06-13,24T,28.0,69.0
2017-06-13,25T,,48.0
2017-06-14,24T,26.0,58.0
2017-06-14,25T,,33.0
2017-06-15,24T,40.0,132.0
2017-06-15,25T,,60.0
2017-06-16,24T,46.0,138.0
2017-06-16,25T,,69.0
2017-06-17,24T,43.0,136.0
2017-06-17,25T,,60.0
2017-06-18,24T,21.0,45.0
2017-06-18,25T,,34.0
2017-06-19,24T,16.0,57.0
2017-06-19,25T,,24.0
2017-06-20,24T,21.0,65.0
2017-06-20,25T,,29.0
2017-06-21,24T,25.0,77.0
2017-06-21,25T,,39.0
2017-06-22,24T,17.0,58.0
2017-06-22,25T,,25.0
2017-06-23,24T,18.0,56.0
2017-06-23,25T,,29.0
2017-06-24,24T,17.0,49.0
2017-06-24,25T,,34.0
2017-06-25,24T,15.0,40.0
2017-06-25,25T,,28.0
2017-06-26,24T,24.0,50.0
2017-06-26,25T,,28.0
2017-06-27,24T,24.0,63.0
2017-06-27,25T,,33.0
2017-06-28,24T,22.0,51.0
2017-06-28,25T,,29.0
2017-06-29,24T,25.0,64.0
2017-06-29,25T,,28.0
2017-06-30,24T,34.0,92.0
2017-06-30,25T,,31.0
2017-07-01,24T,22.0,66.0
2017-07-01,25T,,29.0
2017-07-02,24T,29.0,82.0
2017-07-02,25T,,33.0
2017-07-03,24T,22.0,59.0
2017-07-03,25T,,31.0
2017-07-04,24T,23.0,62.0
2017-07-04,25T,,24.0
2017-07-05,24T,21.0,55.0
2017-07-05,25T,,25.0
2017-07-06,24T,19.0,51.0
2017-07-06,25T,,25.0
2017-07-07,24T,14.0,40.0
2017-07-07,25T,,19.0
2017-07-08,24T,18.0,42.0
2017-07-08,25T,,20.0
2017-07-09,24T,23.0,63.0
2017-07-09,25T,,30.0
2017-07-10,24T,24.0,59.0
2017-07-10,25T,,27.0
2017-07-11,24T,27.0,60.0
2017-07-11,25T,,30.0
2017-07-12,24T,21.0,75.0
2017-07-12,25T,,22.0
2017-07-13,24T,28.0,74.0
2017-07-13,25T,,26.0
2017-07-14,24T,14.0,41.0
2017-07-14,25T,,27.0
2017-07-15,24T,23.0,60.0
2017-07-15,25T,,37.0
2017-07-16,24T,18.0,56.0
2017-07-16,25T,,35.0
2017-07-17,24T,21.0,37.0
2017-07-17,25T,,33.0
2017-07-18,24T,24.0,58.0
2017-07-18,25T,,35.0
2017-07-19,24T,18.0,49.0
2017-07-19,25T,,25.0
2017-07-20,24T,11.0,36.0
2017-07-20,25T,,25.0
2017-07-21,24T,24.0,83.0
2017-07-21,25T,,31.0
2017-07-22,24T,22.0,68.0
2017-07-22,25T,,
2017-07-23,24T,19.0,62.0
2017-07-23,25T,,35.0
2017-07-24,24T,17.0,56.0
2017-07-24,25T,,
2017-07-25,24T,23.0,73.0
2017-07-25,25T,,
2017-07-26,24T,14.0,34.0
2017-07-26,25T,,
2017-07-27,24T,20.0,53.0
2017-07-27,25T,,
2017-07-28,24T,23.0,54.0
2017-07-28,25T,,35.0
2017-07-29,24T,25.0,77.0
2017-07-29,25T,,36.0
2017-07-30,24T,29.0,
2017-07-30,25T,,44.0
2017-07-31,24T,35.0,
2017-07-31,25T,,55.0
2017-08-01,24T,31.0,71.0
2017-08-01,25T,,58.0
2017-08-02,24T,27.0,56.0
2017-08-02,25T,,45.0
2017-08-03,24T,19.0,40.0
2017-08-03,25T,,29.0
2017-08-04,24T,29.0,68.0
2017-08-04,25T,,32.0
2017-08-05,24T,26.0,57.0
2017-08-05,25T,,27.0
2017-08-06,24T,30.0,69.0
2017-08-06,25T,,23.0
2017-08-07,24T,23.0,59.0
2017-08-07,25T,,29.0
2017-08-08,24T,22.0,54.0
2017-08-08,25T,,37.0
2017-08-09,24T,32.0,77.0
2017-08-09,25T,,39.0
2017-08-10,24T,27.0,61.0
2017-08-10,25T,,43.0
2017-08-11,24T,29.0,80.0
2017-08-11,25T,,37.0
2017-08-12,24T,27.0,67.0
2017-08-12,25T,,34.0
2017-08-13,24T,31.0,63.0
2017-08-13,25T,,39.0
2017-08-14,24T,39.0,85.0
2017-08-14,25T,,45.0
2017-08-15,24T,33.0,76.0
2017-08-15,25T,,34.0
2017-08-16,24T,23.0,71.0
2017-08-16,25T,,26.0
2017-08-17,24T,28.0,93.0
2017-08-17,25T,,21.0
2017-08-18,24T,16.0,47.0
2017-08-18,25T,,25.0
2017-08-19,24T,35.0,113.0
2017-08-19,25T,,39.0
2017-08-20,24T,20.0,65.0
2017-08-20,25T,,23.0
2017-08-21,24T,23.0,74.0
2017-08-21,25T,,28.0
2017-08-22,24T,22.0,57.0
2017-08-22,25T,,34.0
2017-08-23,24T,23.0,66.0
2017-08-23,25T,,37.0
2017-08-24,24T,22.0,61.0
2017-08-24,25T,,29.0
2017-08-25,24T,17.0,44.0
2017-08-25,25T,,35.0
2017-08-26,24T,31.0,115.0
2017-08-26,25T,,46.0
2017-08-27,24T,17.0,66.0
2017-08-27,25T,,21.0
2017-08-28,24T,16.0,64.0
2017-08-28,25T,,23.0
2017-08-29,24T,18.0,52.0
2017-08-29,25T,,24.0
2017-08-30,24T,21.0,63.0
2017-08-30,25T,,34.0
2017-08-31,24T,19.0,59.0
2017-08-31,25T,,26.0
2017-09-01,24T,22.0,49.0
2017-09-01,25T,,34.0
2017-09-02,24T,24.0,68.0
2017-09-02,25T,,33.0
2017-09-03,24T,29.0,78.0
2017-09-03,25T,,29.0
2017-09-04,24T,24.0,64.0
2017-09-04,25T,,30.0
2017-09-05,24T,28.0,67.0
2017-09-05,25T,,28.0
2017-09-06,24T,20.0,59.0
2017-09-06,25T,,25.0
2017-09-07,24T,38.0,115.0
2017-09-07,25T,,28.0
2017-09-08,24T,56.0,173.0
2017-09-08,25T,,41.0
2017-09-09,24T,54.0,153.0
2017-09-09,25T,,51.0
2017-09-10,24T,33.0,107.0
2017-09-10,25T,,
2017-09-11,24T,44.0,110.0
2017-09-11,25T,,
2017-09-12,24T,36.0,114.0
2017-09-12,25T,,
2017-09-13,24T,50.0,159.0
2017-09-13,25T,,46.0
2017-09-14,24T,49.0,146.0
2017-09-14,25T,,58.0
2017-09-15,24T,32.0,90.0
2017-09-15,25T,,38.0
2017-09-16,24T,28.0,91.0
2017-09-16,25T,,17.0
2017-09-17,24T,29.0,99.0
2017-09-17,25T,,16.0
2017-09-18,24T,25.0,64.0
2017-09-18,25T,,29.0
2017-09-19,24T,42.0,150.0
2017-09-19,25T,,41.0
2017-09-20,24T,64.0,176.0
2017-09-20,25T,,46.0
2017-09-21,24T,38.0,106.0
2017-09-21,25T,,42.0
2017-09-22,24T,,111.0
2017-09-22,25T,,41.0
2017-09-23,24T,30.0,63.0
2017-09-23,25T,,42.0
2017-09-24,24T,25.0,38.0
2017-09-24,25T,,36.0
2017-09-25,24T,22.0,36.0
2017-09-25,25T,,25.0
2017-09-26,24T,23.0,55.0
2017-09-26,25T,,26.0
2017-09-27,24T,22.0,52.0
2017-09-27,25T,,33.0
2017-09-28,24T,37.0,65.0
2017-09-28,25T,,40.0
2017-09-29,24T,24.0,62.0
2017-09-29,25T,,
2017-09-30,24T,30.0,71.0
2017-09-30,25T,,
2017-10-01,24T,29.0,61.0
2017-10-01,25T,,
2017-10-02,24T,33.0,60.0
2017-10-02,25T,,
2017-10-03,24T,22.0,67.0
2017-10-03,25T,,
2017-10-04,24T,22.0,84.0
2017-10-04,25T,,
2017-10-05,24T,23.0,70.0
2017-10-05,25T,,
2017-10-06,24T,30.0,124.0
2017-10-06,25T,,43.0
2017-10-07,24T,33.0,149.0
2017-10-07,25T,,38.0
2017-10-08,24T,35.0,109.0
2017-10-08,25T,,43.0
2017-10-09,24T,38.0,117.0
2017-10-09,25T,,
2017-10-10,24T,40.0,106.0
2017-10-10,25T,,
2017-10-11,24T,41.0,118.0
2017-10-11,25T,,
2017-10-12,24T,48.0,157.0
2017-10-12,25T,,
2017-10-13,24T,35.0,111.0
2017-10-13,25T,,
2017-10-14,24T,40.0,115.0
2017-10-14,25T,,
2017-10-15,24T,34.0,75.0
2017-10-15,25T,,
2017-10-16,24T,21.0,65.0
2017-10-16,25T,,
2017-10-17,24T,27.0,87.0
2017-10-17,25T,,
2017-10-18,24T,32.0,107.0
2017-10-18,25T,,
2017-10-19,24T,36.0,115.0
2017-10-19,25T,,
2017-10-20,24T,43.0,164.0
2017-10-20,25T,,
2017-10-21,24T,51.0,175.0
2017-10-21,25T,,55.0
2017-10-22,24T,30.0,95.0
2017-10-22,25T,,30.0
2017-10-23,24T,,104.0
2017-10-23,25T,,32.0
2017-10-24,24T,,114.0
2017-10-24,25T,,52.0
2017-10-25,24T,,123.0
2017-10-25,25T,,54.0
2017-10-26,24T,,65.0
2017-10-26,25T,,44.0
2017-10-27,24T,,134.0
2017-10-27,25T,,58.0
2017-10-28,24T,,137.0
2017-10-28,25T,,68.0
2017-10-29,24T,,139.0
2017-10-29,25T,,84.0
2017-10-30,24T,,130.0
2017-10-30,25T,,84.0
2017-10-31,24T,,125.0
2017-10-31,25T,,75.0
2017-11-01,24T,,127.0
2017-11-01,25T,,76.0
2017-11-02,24T,,129.0
2017-11-02,25T,,70.0
2017-11-03,24T,,135.0
2017-11-03,25T,,84.0
2017-11-04,24T,,134.0
2017-11-04,25T,,89.0
2017-11-05,24T,,107.0
2017-11-05,25T,,61.0
2017-11-06,24T,,115.0
2017-11-06,25T,,66.0
2017-11-07,24T,,116.0
2017-11-07,25T,,61.0
2017-11-08,24T,,101.0
2017-11-08,25T,,46.0
2017-11-09,24T,,138.0
2017-11-09,25T,,41.0
2017-11-10,24T,,148.0
2017-11-10,25T,,33.0
2017-11-11,24T,,101.0
2017-11-11,25T,,37.0
2017-11-12,24T,,161.0
2017-11-12,25T,,43.0
2017-11-13,24T,,225.0
2017-11-13,25T,,63.0
2017-11-14,24T,,229.0
2017-11-14,25T,,62.0
2017-11-15,24T,,178.0
2017-11-15,25T,,56.0
2017-11-16,24T,,126.0
2017-11-16,25T,,32.0
2017-11-17,24T,53.0,202.0
2017-11-17,25T,,38.0
2017-11-18,24T,54.0,219.0
2017-11-18,25T,,52.0
2017-11-19,24T,52.0,216.0
2017-11-19,25T,,46.0
2017-11-20,24T,37.0,125.0
2017-11-20,25T,,47.0
2017-11-21,24T,,
2017-11-21,25T,,39.0
2017-11-22,24T,24.0,113.0
2017-11-22,25T,,36.0
2017-11-23,24T,20.0,96.0
2017-11-23,25T,,45.0
2017-11-24,24T,15.0,89.0
2017-11-24,25T,,46.0
2017-11-25,24T,31.0,107.0
2017-11-25,25T,,48.0
2017-11-26,24T,26.0,91.0
2017-11-26,25T,,50.0
2017-11-27,24T,26.0,117.0
2017-11-27,25T,,40.0
2017-11-28,24T,28.0,99.0
2017-11-28,25T,,35.0
2017-11-29,24T,23.0,94.0
2017-11-29,25T,,35.0
2017-11-30,24T,24.0,96.0
2017-11-30,25T,,52.0
2017-12-01,24T,27.0,117.0
2017-12-01,25T,,49.0
2017-12-02,24T,24.0,110.0
2017-12-02,25T,,45.0
2017-12-03,24T,31.0,100.0
2017-12-03,25T,,60.0
2017-12-04,24T,29.0,105.0
2017-12-04,25T,,51.0
2017-12-05,24T,21.0,69.0
2017-12-05,25T,,55.0
2017-12-06,24T,32.0,104.0
2017-12-06,25T,,60.0
2017-12-07,24T,44.0,169.0
2017-12-07,25T,,79.0
2017-12-08,24T,52.0,190.0
2017-12-08,25T,,74.0
2017-12-09,24T,41.0,122.0
2017-12-09,25T,,59.0
2017-12-10,24T,53.0,146.0
2017-12-10,25T,,90.0
2017-12-11,24T,68.0,198.0
2017-12-11,25T,,82.0
2017-12-12,24T,66.0,171.0
2017-12-12,25T,,77.0
2017-12-13,24T,42.0,117.0
2017-12-13,25T,,68.0
2017-12-14,24T,48.0,161.0
2017-12-14,25T,,66.0
2017-12-15,24T,69.0,251.0
2017-12-15,25T,,98.0
2017-12-16,24T,32.0,129.0
2017-12-16,25T,,62.0
2017-12-17,24T,16.0,74.0
2017-12-17,25T,,60.0
2017-12-18,24T,36.0,125.0
2017-12-18,25T,,83.0
2017-12-19,24T,41.0,146.0
2017-12-19,25T,,93.0
2017-12-20,24T,43.0,144.0
2017-12-20,25T,,100.0
2017-12-21,24T,47.0,142.0
2017-12-21,25T,,84.0
2017-12-22,24T,50.0,152.0
2017-12-22,25T,,74.0
2017-12-23,24T,64.0,201.0
2017-12-23,25T,,87.0
2017-12-24,24T,44.0,150.0
2017-12-24,25T,,79.0
2017-12-25,24T,29.0,108.0
2017-12-25,25T,,62.0
2017-12-26,24T,51.0,124.0
2017-12-26,25T,,89.0
2017-12-27,24T,32.0,89.0
2017-12-27,25T,,62.0
2017-12-28,24T,17.0,80.0
2017-12-28,25T,,58.0
2017-12-29,24T,19.0,65.0
2017-12-29,25T,,46.0
2017-12-30,24T,16.0,49.0
2017-12-30,25T,,55.0
2017-12-31,24T,12.0,30.0
2017-12-31,25T,,54.0
2018-01-01,24T,17.0,42.0
2018-01-01,25T,,50.0
2018-01-02,24T,21.0,46.0
2018-01-02,25T,,58.0
2018-01-03,24T,35.0,84.0
2018-01-03,25T,,56.0
2018-01-04,24T,36.0,119.0
2018-01-04,25T,,67.0
2018-01-05,24T,47.0,161.0
2018-01-05,25T,,102.0
2018-01-06,24T,61.0,172.0
2018-01-06,25T,,96.0
2018-01-07,24T,41.0,98.0
2018-01-07,25T,,86.0
2018-01-08,24T,34.0,118.0
2018-01-08,25T,,34.0
2018-01-09,24T,46.0,169.0
2018-01-09,25T,,59.0
2018-01-10,24T,29.0,113.0
2018-01-10,25T,,58.0
2018-01-11,24T,33.0,123.0
2018-01-11,25T,,68.0
2018-01-12,24T,27.0,105.0
2018-01-12,25T,,55.0
2018-01-13,24T,33.0,108.0
2018-01-13,25T,,60.0
2018-01-14,24T,42.0,142.0
2018-01-14,25T,,64.0
2018-01-15,24T,43.0,172.0
2018-01-15,25T,,71.0
2018-01-16,24T,60.0,225.0
2018-01-16,25T,,97.0
2018-01-17,24T,80.0,303.0
2018-01-17,25T,,98.0
2018-01-18,24T,69.0,260.0
2018-01-18,25T,,120.0
2018-01-19,24T,64.0,222.0
2018-01-19,25T,,104.0
2018-01-20,24T,53.0,176.0
2018-01-20,25T,,108.0
2018-01-21,24T,66.0,238.0
2018-01-21,25T,,95.0
2018-01-22,24T,69.0,245.0
2018-01-22,25T,,81.0
2018-01-23,24T,62.0,271.0
2018-01-23,25T,,81.0
2018-01-24,24T,69.0,226.0
2018-01-24,25T,,109.0
2018-01-25,24T,66.0,193.0
2018-01-25,25T,,85.0
2018-01-26,24T,60.0,285.0
2018-01-26,25T,,74.0
2018-01-27,24T,35.0,157.0
2018-01-27,25T,,77.0
2018-01-28,24T,39.0,163.0
2018-01-28,25T,,71.0
2018-01-29,24T,42.0,141.0
2018-01-29,25T,,44.0
2018-01-30,24T,48.0,143.0
2018-01-30,25T,,80.0
2018-01-31,24T,44.0,146.0
2018-01-31,25T,,61.0
2018-02-01,24T,34.0,128.0
2018-02-01,25T,,77.0
2018-02-02,24T,53.0,156.0
2018-02-02,25T,,99.0
2018-02-03,24T,42.0,136.0
2018-02-03,25T,,86.0
2018-02-04,24T,47.0,132.0
2018-02-04,25T,,92.0
2018-02-05,24T,48.0,163.0
2018-02-05,25T,,110.0
2018-02-06,24T,57.0,172.0
2018-02-06,25T,,97.0
2018-02-07,24T,81.0,246.0
2018-02-07,25T,,124.0
2018-02-08,24T,94.0,275.0
2018-02-08,25T,,129.0
2018-02-09,24T,70.0,203.0
2018-02-09,25T,,113.0
2018-02-10,24T,65.0,184.0
2018-02-10,25T,,86.0
2018-02-11,24T,87.0,261.0
2018-02-11,25T,,120.0
2018-02-12,24T,51.0,163.0
2018-02-12,25T,,97.0
2018-02-13,24T,42.0,131.0
2018-02-13,25T,,96.0
2018-02-14,24T,65.0,235.0
2018-02-14,25T,,130.0
2018-02-15,24T,80.0,247.0
2018-02-15,25T,,141.0
2018-02-16,24T,76.0,205.0
2018-02-16,25T,,104.0
2018-02-17,24T,68.0,177.0
2018-02-17,25T,,104.0
2018-02-18,24T,51.0,114.0
2018-02-18,25T,,107.0
2018-02-19,24T,55.0,136.0
2018-02-19,25T,,105.0
2018-02-20,24T,42.0,110.0
2018-02-20,25T,,57.0
2018-02-21,24T,29.0,87.0
2018-02-21,25T,,64.0
2018-02-22,24T,32.0,118.0
2018-02-22,25T,,67.0
2018-02-23,24T,30.0,121.0
2018-02-23,25T,,59.0
2018-02-24,24T,45.0,196.0
2018-02-24,25T,,73.0
2018-02-25,24T,46.0,177.0
2018-02-25,25T,,102.0
2018-02-26,24T,43.0,216.0
2018-02-26,25T,,73.0
2018-02-27,24T,39.0,157.0
2018-02-27,25T,,77.0
2018-02-28,24T,46.0,187.0
2018-02-28,25T,,107.0
2018-03-01,24T,42.0,130.0
2018-03-01,25T,,78.0
2018-03-02,24T,41.0,124.0
2018-03-02,25T,,67.0
2018-03-03,24T,34.0,101.0
2018-03-03,25T,,60.0
2018-03-04,24T,32.0,99.0
2018-03-04,25T,,56.0
2018-03-05,24T,46.0,151.0
2018-03-05,25T,,57.0
2018-03-06,24T,37.0,97.0
2018-03-06,25T,,53.0
2018-03-07,24T,29.0,149.0
2018-03-07,25T,,53.0
2018-03-08,24T,39.0,193.0
2018-03-08,25T,,71.0
2018-03-09,24T,30.0,114.0
2018-03-09,25T,,63.0
2018-03-10,24T,38.0,153.0
2018-03-10,25T,,77.0
2018-03-11,24T,55.0,185.0
2018-03-11,25T,,108.0
2018-03-12,24T,81.0,233.0
2018-03-12,25T,,127.0
2018-03-13,24T,66.0,150.0
2018-03-13,25T,,102.0
2018-03-14,24T,43.0,118.0
2018-03-14,25T,,74.0
2018-03-15,24T,38.0,97.0
2018-03-15,25T,,59.0
2018-03-16,24T,32.0,97.0
2018-03-16,25T,,59.0
2018-03-17,24T,37.0,104.0
2018-03-17,25T,,62.0
2018-03-18,24T,29.0,68.0
2018-03-18,25T,,48.0
2018-03-19,24T,28.0,84.0
2018-03-19,25T,,55.0
2018-03-20,24T,40.0,91.0
2018-03-20,25T,,61.0
2018-03-21,24T,36.0,137.0
2018-03-21,25T,,46.0
2018-03-22,24T,44.0,155.0
2018-03-22,25T,,75.0
2018-03-23,24T,48.0,152.0
2018-03-23,25T,,86.0
2018-03-24,24T,68.0,246.0
2018-03-24,25T,,108.0
2018-03-25,24T,68.0,207.0
2018-03-25,25T,,98.0
2018-03-26,24T,51.0,175.0
2018-03-26,25T,,74.0
2018-03-27,24T,63.0,219.0
2018-03-27,25T,,99.0
2018-03-28,24T,58.0,160.0
2018-03-28,25T,,91.0
2018-03-29,24T,32.0,83.0
2018-03-29,25T,,59.0
2018-03-30,24T,35.0,98.0
2018-03-30,25T,,71.0
2018-03-31,24T,43.0,154.0
2018-03-31,25T,,64.0
2018-04-01,24T,41.0,167.0
2018-04-01,25T,,81.0
2018-04-02,24T,56.0,208.0
2018-04-02,25T,,80.0
2018-04-03,24T,49.0,134.0
2018-04-03,25T,,73.0
2018-04-04,24T,37.0,145.0
2018-04-04,25T,,59.0
2018-04-05,24T,48.0,206.0
2018-04-05,25T,,80.0
2018-04-06,24T,42.0,154.0
2018-04-06,25T,,69.0
2018-04-07,24T,13.0,81.0
2018-04-07,25T,,50.0
2018-04-08,24T,23.0,97.0
2018-04-08,25T,,54.0
2018-04-09,24T,40.0,150.0
2018-04-09,25T,,78.0
2018-04-10,24T,60.0,214.0
2018-04-10,25T,,77.0
2018-04-11,24T,46.0,120.0
2018-04-11,25T,,78.0
2018-04-12,24T,26.0,61.0
2018-04-12,25T,,54.0
2018-04-13,24T,25.0,56.0
2018-04-13,25T,,46.0
2018-04-14,24T,27.0,49.0
2018-04-14,25T,,46.0
2018-04-15,24T,19.0,44.0
2018-04-15,25T,,49.0
2018-04-16,24T,21.0,53.0
2018-04-16,25T,,46.0
2018-04-17,24T,24.0,57.0
2018-04-17,25T,,30.0
2018-04-18,24T,24.0,85.0
2018-04-18,25T,,40.0
2018-04-19,24T,37.0,118.0
2018-04-19,25T,,51.0
2018-04-20,24T,27.0,81.0
2018-04-20,25T,,47.0
2018-04-21,24T,31.0,86.0
2018-04-21,25T,,51.0
2018-04-22,24T,26.0,75.0
2018-04-22,25T,,50.0
2018-04-23,24T,31.0,89.0
2018-04-23,25T,,62.0
2018-04-24,24T,28.0,77.0
2018-04-24,25T,,52.0
2018-04-25,24T,28.0,77.0
2018-04-25,25T,,56.0
2018-04-26,24T,31.0,102.0
2018-04-26,25T,,57.0
2018-04-27,24T,27.0,131.0
2018-04-27,25T,,57.0
2018-04-28,24T,16.0,68.0
2018-04-28,25T,,31.0
2018-04-29,24T,28.0,116.0
2018-04-29,25T,,43.0
2018-04-30,24T,22.0,125.0
2018-04-30,25T,,34.0
2018-05-01,24T,13.0,44.0
2018-05-01,25T,,24.0
2018-05-02,24T,20.0,80.0
2018-05-02,25T,,37.0
2018-05-03,24T,28.0,117.0
2018-05-03,25T,,45.0
2018-05-04,24T,31.0,126.0
2018-05-04,25T,,45.0
2018-05-05,24T,20.0,99.0
2018-05-05,25T,,40.0
2018-05-06,24T,21.0,68.0
2018-05-06,25T,,38.0
2018-05-07,24T,20.0,68.0
2018-05-07,25T,,41.0
2018-05-08,24T,26.0,80.0
2018-05-08,25T,,46.0
2018-05-09,24T,22.0,85.0
2018-05-09,25T,,44.0
2018-05-10,24T,25.0,110.0
2018-05-10,25T,,34.0
2018-05-11,24T,14.0,96.0
2018-05-11,25T,,33.0
2018-05-12,24T,23.0,107.0
2018-05-12,25T,,46.0
2018-05-13,24T,28.0,105.0
2018-05-13,25T,,48.0
2018-05-14,24T,25.0,126.0
2018-05-14,25T,,51.0
2018-05-15,24T,28.0,86.0
2018-05-15,25T,,47.0
2018-05-16,24T,37.0,88.0
2018-05-16,25T,,50.0
2018-05-17,24T,24.0,81.0
2018-05-17,25T,,39.0
2018-05-18,24T,26.0,87.0
2018-05-18,25T,,41.0
2018-05-19,24T,25.0,95.0
2018-05-19,25T,,65.0
2018-05-20,24T,24.0,74.0
2018-05-20,25T,,51.0
2018-05-21,24T,22.0,95.0
2018-05-21,25T,,40.0
2018-05-22,24T,27.0,164.0
2018-05-22,25T,,65.0
2018-05-23,24T,26.0,139.0
2018-05-23,25T,,50.0
2018-05-24,24T,19.0,74.0
2018-05-24,25T,,32.0
2018-05-25,24T,18.0,74.0
2018-05-25,25T,,40.0
2018-05-26,24T,23.0,44.0
2018-05-26,25T,,37.0
2018-05-27,24T,16.0,83.0
2018-05-27,25T,,31.0
2018-05-28,24T,22.0,122.0
2018-05-28,25T,,34.0
2018-05-29,24T,21.0,83.0
2018-05-29,25T,,31.0
2018-05-30,24T,18.0,90.0
2018-05-30,25T,,34.0
2018-05-31,24T,27.0,139.0
2018-05-31,25T,,46.0
2018-06-01,24T,27.0,135.0
2018-06-01,25T,,52.0
2018-06-02,24T,30.0,117.0
2018-06-02,25T,,45.0
2018-06-03,24T,20.0,65.0
2018-06-03,25T,,34.0
2018-06-04,24T,19.0,65.0
2018-06-04,25T,,35.0
2018-06-05,24T,18.0,64.0
2018-06-05,25T,,35.0
2018-06-06,24T,18.0,64.0
2018-06-06,25T,,33.0
2018-06-07,24T,12.0,41.0
2018-06-07,25T,,28.0
2018-06-08,24T,14.0,54.0
2018-06-08,25T,,28.0
2018-06-09,24T,9.0,29.0
2018-06-09,25T,,28.0
2018-06-10,24T,13.0,59.0
2018-06-10,25T,,31.0
2018-06-11,24T,11.0,38.0
2018-06-11,25T,,29.0
2018-06-12,24T,11.0,36.0
2018-06-12,25T,,29.0
2018-06-13,24T,15.0,45.0
2018-06-13,25T,,35.0
2018-06-14,24T,20.0,65.0
2018-06-14,25T,,44.0
2018-06-15,24T,15.0,44.0
2018-06-15,25T,,37.0
2018-06-16,24T,16.0,49.0
2018-06-16,25T,,36.0
2018-06-17,24T,15.0,47.0
2018-06-17,25T,,39.0
2018-06-18,24T,17.0,43.0
2018-06-18,25T,,46.0
2018-06-19,24T,15.0,60.0
2018-06-19,25T,,38.0
2018-06-20,24T,23.0,74.0
2018-06-20,25T,,32.0
2018-06-21,24T,16.0,50.0
2018-06-21,25T,,36.0
2018-06-22,24T,25.0,83.0
2018-06-22,25T,,55.0
2018-06-23,24T,24.0,79.0
2018-06-23,25T,,72.0
2018-06-24,24T,21.0,72.0
2018-06-24,25T,,52.0
2018-06-25,24T,23.0,83.0
2018-06-25,25T,,42.0
2018-06-26,24T,26.0,93.0
2018-06-26,25T,,36.0
2018-06-27,24T,19.0,85.0
2018-06-27,25T,,29.0
2018-06-28,24T,24.0,121.0
2018-06-28,25T,,33.0
2018-06-29,24T,20.0,74.0
2018-06-29,25T,,32.0
2018-06-30,24T,15.0,52.0
2018-06-30,25T,,42.0
2018-07-01,24T,14.0,67.0
2018-07-01,25T,,32.0
2018-07-02,24T,15.0,67.0
2018-07-02,25T,,33.0
2018-07-03,24T,10.0,49.0
2018-07-03,25T,,29.0
2018-07-04,24T,15.0,44.0
2018-07-04,25T,,37.0
2018-07-05,24T,15.0,39.0
2018-07-05,25T,,34.0
2018-07-06,24T,13.0,44.0
2018-07-06,25T,,39.0
2018-07-07,24T,15.0,
2018-07-07,25T,,35.0
2018-07-08,24T,24.0,
2018-07-08,25T,,62.0
2018-07-09,24T,21.0,
2018-07-09,25T,,50.0
2018-07-10,24T,20.0,77.0
2018-07-10,25T,,36.0
2018-07-11,24T,,54.0
2018-07-11,25T,,29.0
2018-07-12,24T,13.0,74.0
2018-07-12,25T,,33.0
2018-07-13,24T,11.0,70.0
2018-07-13,25T,,30.0
2018-07-14,24T,16.0,77.0
2018-07-14,25T,,42.0
2018-07-15,24T,14.0,47.0
2018-07-15,25T,,44.0
2018-07-16,24T,16.0,66.0
2018-07-16,25T,,40.0
2018-07-17,24T,10.0,28.0
2018-07-17,25T,,34.0
2018-07-18,24T,11.0,52.0
2018-07-18,25T,,34.0
2018-07-19,24T,17.0,67.0
2018-07-19,25T,,43.0
2018-07-20,24T,17.0,60.0
2018-07-20,25T,,46.0
2018-07-21,24T,20.0,76.0
2018-07-21,25T,,64.0
2018-07-22,24T,19.0,84.0
2018-07-22,25T,,53.0
2018-07-23,24T,19.0,74.0
2018-07-23,25T,,55.0
2018-07-24,24T,16.0,61.0
2018-07-24,25T,,48.0
2018-07-25,24T,21.0,68.0
2018-07-25,25T,,58.0
2018-07-26,24T,18.0,57.0
2018-07-26,25T,,63.0
2018-07-27,24T,20.0,63.0
2018-07-27,25T,,61.0
2018-07-28,24T,18.0,53.0
2018-07-28,25T,,51.0
2018-07-29,24T,15.0,54.0
2018-07-29,25T,,37.0
2018-07-30,24T,15.0,54.0
2018-07-30,25T,,37.0
2018-07-31,24T,20.0,53.0
2018-07-31,25T,,38.0
2018-08-01,24T,17.0,84.0
2018-08-01,25T,,43.0
2018-08-02,24T,20.0,65.0
2018-08-02,25T,,42.0
2018-08-03,24T,16.0,80.0
2018-08-03,25T,,36.0
2018-08-04,24T,23.0,77.0
2018-08-04,25T,,48.0
2018-08-05,24T,21.0,62.0
2018-08-05,25T,,36.0
2018-08-06,24T,19.0,63.0
2018-08-06,25T,,32.0
2018-08-07,24T,15.0,52.0
2018-08-07,25T,,40.0
2018-08-08,24T,,74.0
2018-08-08,25T,,36.0
2018-08-09,24T,16.0,86.0
2018-08-09,25T,,37.0
2018-08-10,24T,17.0,63.0
2018-08-10,25T,,46.0
2018-08-11,24T,19.0,98.0
2018-08-11,25T,,42.0
2018-08-12,24T,15.0,47.0
2018-08-12,25T,,44.0
2018-08-13,24T,15.0,63.0
2018-08-13,25T,,45.0
2018-08-14,24T,16.0,55.0
2018-08-14,25T,,45.0
2018-08-15,24T,15.0,63.0
2018-08-15,25T,,41.0
2018-08-16,24T,20.0,70.0
2018-08-16,25T,,44.0
2018-08-17,24T,12.0,57.0
2018-08-17,25T,,38.0
2018-08-18,24T,14.0,48.0
2018-08-18,25T,,31.0
2018-08-19,24T,14.0,69.0
2018-08-19,25T,,31.0
2018-08-20,24T,16.0,61.0
2018-08-20,25T,,33.0
2018-08-21,24T,14.0,73.0
2018-08-21,25T,,52.0
2018-08-22,24T,17.0,80.0
2018-08-22,25T,,55.0
2018-08-23,24T,18.0,56.0
2018-08-23,25T,,51.0
2018-08-24,24T,12.0,68.0
2018-08-24,25T,,29.0
2018-08-25,24T,15.0,57.0
2018-08-25,25T,,28.0
2018-08-26,24T,10.0,45.0
2018-08-26,25T,,29.0
2018-08-27,24T,8.0,50.0
2018-08-27,25T,,23.0
2018-08-28,24T,9.0,57.0
2018-08-28,25T,,32.0
2018-08-29,24T,11.0,55.0
2018-08-29,25T,,37.0
2018-08-30,24T,12.0,56.0
2018-08-30,25T,,35.0
2018-08-31,24T,13.0,54.0
2018-08-31,25T,,36.0
2018-09-01,24T,12.0,54.0
2018-09-01,25T,,34.0
2018-09-02,24T,17.0,83.0
2018-09-02,25T,,44.0
2018-09-03,24T,17.0,63.0
2018-09-03,25T,,41.0
2018-09-04,24T,7.0,33.0
2018-09-04,25T,,21.0
2018-09-05,24T,11.0,47.0
2018-09-05,25T,,30.0
2018-09-06,24T,21.0,111.0
2018-09-06,25T,,42.0
2018-09-07,24T,26.0,132.0
2018-09-07,25T,,54.0
2018-09-08,24T,36.0,176.0
2018-09-08,25T,,52.0
2018-09-09,24T,31.0,170.0
2018-09-09,25T,,56.0
2018-09-10,24T,30.0,168.0
2018-09-10,25T,,60.0
2018-09-11,24T,28.0,145.0
2018-09-11,25T,,42.0
2018-09-12,24T,28.0,139.0
2018-09-12,25T,,33.0
2018-09-13,24T,18.0,93.0
2018-09-13,25T,,36.0
2018-09-14,24T,15.0,72.0
2018-09-14,25T,,31.0
2018-09-15,24T,18.0,94.0
2018-09-15,25T,,36.0
2018-09-16,24T,17.0,104.0
2018-09-16,25T,,37.0
2018-09-17,24T,16.0,70.0
2018-09-17,25T,,30.0
2018-09-18,24T,16.0,72.0
2018-09-18,25T,,30.0
2018-09-19,24T,17.0,81.0
2018-09-19,25T,,26.0
2018-09-20,24T,31.0,157.0
2018-09-20,25T,,45.0
2018-09-21,24T,35.0,195.0
2018-09-21,25T,,50.0
2018-09-22,24T,34.0,173.0
2018-09-22,25T,,54.0
2018-09-23,24T,25.0,137.0
2018-09-23,25T,,44.0
2018-09-24,24T,23.0,102.0
2018-09-24,25T,,35.0
2018-09-25,24T,19.0,80.0
2018-09-25,25T,,40.0
2018-09-26,24T,20.0,90.0
2018-09-26,25T,,37.0
2018-09-27,24T,24.0,110.0
2018-09-27,25T,,34.0
2018-09-28,24T,30.0,125.0
2018-09-28,25T,,40.0
2018-09-29,24T,31.0,165.0
2018-09-29,25T,,52.0
2018-09-30,24T,18.0,97.0
2018-09-30,25T,,31.0
2018-10-01,24T,25.0,137.0
2018-10-01,25T,11.0,36.0
2018-10-02,24T,33.0,140.0
2018-10-02,25T,20.0,51.0
2018-10-03,24T,40.0,152.0
2018-10-03,25T,29.0,63.0
2018-10-04,24T,36.0,133.0
2018-10-04,25T,30.0,70.0
2018-10-05,24T,29.0,112.0
2018-10-05,25T,26.0,47.0
2018-10-06,24T,29.0,112.0
2018-10-06,25T,19.0,47.0
2018-10-07,24T,27.0,139.0
2018-10-07,25T,19.0,52.0
2018-10-08,24T,32.0,152.0
2018-10-08,25T,22.0,57.0
2018-10-09,24T,38.0,201.0
2018-10-09,25T,23.0,53.0
2018-10-10,24T,41.0,172.0
2018-10-10,25T,24.0,59.0
2018-10-11,24T,33.0,161.0
2018-10-11,25T,19.0,46.0
2018-10-12,24T,26.0,124.0
2018-10-12,25T,19.0,51.0
2018-10-13,24T,26.0,108.0
2018-10-13,25T,22.0,52.0
2018-10-14,24T,27.0,112.0
2018-10-14,25T,19.0,54.0
2018-10-15,24T,29.0,116.0
2018-10-15,25T,19.0,45.0
2018-10-16,24T,35.0,123.0
2018-10-16,25T,21.0,49.0
2018-10-17,24T,27.0,104.0
2018-10-17,25T,18.0,44.0
2018-10-18,24T,28.0,116.0
2018-10-18,25T,21.0,58.0
2018-10-19,24T,27.0,125.0
2018-10-19,25T,22.0,59.0
2018-10-20,24T,24.0,152.0
2018-10-20,25T,22.0,52.0
2018-10-21,24T,15.0,83.0
2018-10-21,25T,11.0,33.0
2018-10-22,24T,20.0,123.0
2018-10-22,25T,14.0,46.0
2018-10-23,24T,28.0,119.0
2018-10-23,25T,17.0,47.0
2018-10-24,24T,30.0,184.0
2018-10-24,25T,12.0,48.0
2018-10-25,24T,35.0,221.0
2018-10-25,25T,16.0,61.0
2018-10-26,24T,42.0,186.0
2018-10-26,25T,19.0,61.0
2018-10-27,24T,31.0,139.0
2018-10-27,25T,18.0,55.0
2018-10-28,24T,25.0,128.0
2018-10-28,25T,21.0,54.0
2018-10-29,24T,30.0,125.0
2018-10-29,25T,24.0,66.0
2018-10-30,24T,39.0,145.0
2018-10-30,25T,29.0,72.0
2018-10-31,24T,46.0,165.0
2018-10-31,25T,33.0,80.0
2018-11-01,24T,40.0,162.0
2018-11-01,25T,37.0,81.0
2018-11-02,24T,41.0,161.0
2018-11-02,25T,36.0,86.0
2018-11-03,24T,39.0,143.0
2018-11-03,25T,37.0,87.0
2018-11-04,24T,44.0,173.0
2018-11-04,25T,32.0,74.0
2018-11-05,24T,44.0,163.0
2018-11-05,25T,33.0,82.0
2018-11-06,24T,31.0,126.0
2018-11-06,25T,29.0,72.0
2018-11-07,24T,25.0,135.0
2018-11-07,25T,20.0,62.0
2018-11-08,24T,24.0,123.0
2018-11-08,25T,18.0,52.0
2018-11-09,24T,26.0,132.0
2018-11-09,25T,21.0,60.0
2018-11-10,24T,28.0,164.0
2018-11-10,25T,18.0,53.0
2018-11-11,24T,25.0,141.0
2018-11-11,25T,16.0,49.0
2018-11-12,24T,35.0,168.0
2018-11-12,25T,19.0,60.0
2018-11-13,24T,34.0,187.0
2018-11-13,25T,23.0,67.0
2018-11-14,24T,39.0,200.0
2018-11-14,25T,25.0,71.0
2018-11-15,24T,41.0,217.0
2018-11-15,25T,20.0,60.0
2018-11-16,24T,31.0,143.0
2018-11-16,25T,26.0,56.0
2018-11-17,24T,39.0,220.0
2018-11-17,25T,19.0,61.0
2018-11-18,24T,41.0,220.0
2018-11-18,25T,26.0,59.0
2018-11-19,24T,31.0,180.0
2018-11-19,25T,17.0,49.0
2018-11-20,24T,42.0,245.0
2018-11-20,25T,20.0,58.0
2018-11-21,24T,44.0,243.0
2018-11-21,25T,18.0,58.0
2018-11-22,24T,48.0,212.0
2018-11-22,25T,21.0,58.0
2018-11-23,24T,22.0,113.0
2018-11-23,25T,19.0,53.0
2018-11-24,24T,29.0,142.0
2018-11-24,25T,19.0,55.0
2018-11-25,24T,34.0,151.0
2018-11-25,25T,25.0,63.0
2018-11-26,24T,30.0,108.0
2018-11-26,25T,29.0,
2018-11-27,24T,30.0,103.0
2018-11-27,25T,29.0,
2018-11-28,24T,28.0,106.0
2018-11-28,25T,21.0,
2018-11-29,24T,35.0,138.0
2018-11-29,25T,,
2018-11-30,24T,40.0,158.0
2018-11-30,25T,,
2018-12-01,24T,41.0,188.0
2018-12-01,25T,25.0,
2018-12-02,24T,40.0,153.0
2018-12-02,25T,24.0,62.0
2018-12-03,24T,38.0,187.0
2018-12-03,25T,27.0,74.0
2018-12-04,24T,47.0,221.0
2018-12-04,25T,29.0,71.0
2018-12-05,24T,36.0,139.0
2018-12-05,25T,30.0,64.0
2018-12-06,24T,49.0,193.0
2018-12-06,25T,29.0,74.0
2018-12-07,24T,48.0,181.0
2018-12-07,25T,28.0,64.0
2018-12-08,24T,40.0,157.0
2018-12-08,25T,28.0,60.0
2018-12-09,24T,31.0,150.0
2018-12-09,25T,18.0,50.0
2018-12-10,24T,26.0,124.0
2018-12-10,25T,22.0,57.0
2018-12-11,24T,29.0,144.0
2018-12-11,25T,17.0,53.0
2018-12-12,24T,24.0,113.0
2018-12-12,25T,20.0,59.0
2018-12-13,24T,22.0,107.0
2018-12-13,25T,15.0,48.0
2018-12-14,24T,22.0,100.0
2018-12-14,25T,21.0,
2018-12-15,24T,22.0,104.0
2018-12-15,25T,21.0,
2018-12-16,24T,26.0,92.0
2018-12-16,25T,21.0,
2018-12-17,24T,24.0,124.0
2018-12-17,25T,22.0,
2018-12-18,24T,35.0,131.0
2018-12-18,25T,29.0,71.0
2018-12-19,24T,44.0,153.0
2018-12-19,25T,33.0,
2018-12-20,24T,68.0,226.0
2018-12-20,25T,56.0,
2018-12-21,24T,85.0,279.0
2018-12-21,25T,66.0,108.0
2018-12-22,24T,79.0,230.0
2018-12-22,25T,66.0,111.0
2018-12-23,24T,43.0,145.0
2018-12-23,25T,44.0,92.0
2018-12-24,24T,34.0,145.0
2018-12-24,25T,30.0,66.0
2018-12-25,24T,52.0,220.0
2018-12-25,25T,42.0,86.0
2018-12-26,24T,67.0,273.0
2018-12-26,25T,45.0,83.0
2018-12-27,24T,73.0,232.0
2018-12-27,25T,59.0,110.0
2018-12-28,24T,60.0,139.0
2018-12-28,25T,56.0,96.0
2018-12-29,24T,20.0,58.0
2018-12-29,25T,17.0,39.0
2018-12-30,24T,12.0,36.0
2018-12-30,25T,16.0,33.0
2018-12-31,24T,16.0,41.0
2018-12-31,25T,14.0,45.0
2019-01-01,24T,14.0,36.0
2019-01-01,25T,15.0,39.0
2019-01-02,24T,15.0,38.0
2019-01-02,25T,20.0,47.0
2019-01-03,24T,24.0,
2019-01-03,25T,19.0,44.0
2019-01-04,24T,34.0,123.0
2019-01-04,25T,21.0,
2019-01-05,24T,41.0,132.0
2019-01-05,25T,31.0,70.0
2019-01-06,24T,47.0,146.0
2019-01-06,25T,36.0,76.0
2019-01-07,24T,62.0,184.0
2019-01-07,25T,45.0,85.0
2019-01-08,24T,66.0,171.0
2019-01-08,25T,45.0,74.0
2019-01-09,24T,96.0,219.0
2019-01-09,25T,32.0,71.0
2019-01-10,24T,78.0,233.0
2019-01-10,25T,53.0,100.0
2019-01-11,24T,82.0,245.0
2019-01-11,25T,56.0,108.0
2019-01-12,24T,77.0,236.0
2019-01-12,25T,58.0,107.0
2019-01-13,24T,56.0,180.0
2019-01-13,25T,51.0,96.0
2019-01-14,24T,68.0,221.0
2019-01-14,25T,51.0,98.0
2019-01-15,24T,73.0,235.0
2019-01-15,25T,,96.0
2019-01-16,24T,54.0,179.0
2019-01-16,25T,,110.0
2019-01-17,24T,52.0,181.0
2019-01-17,25T,,91.0
2019-01-18,24T,35.0,152.0
2019-01-18,25T,,74.0
2019-01-19,24T,46.0,148.0
2019-01-19,25T,,87.0
2019-01-20,24T,68.0,214.0
2019-01-20,25T,,100.0
2019-01-21,24T,62.0,210.0
2019-01-21,25T,,94.0
2019-01-22,24T,,143.0
2019-01-22,25T,,101.0
2019-01-23,24T,,187.0
2019-01-23,25T,38.0,102.0
2019-01-24,24T,74.0,241.0
2019-01-24,25T,59.0,107.0
2019-01-25,24T,83.0,271.0
2019-01-25,25T,58.0,109.0
2019-01-26,24T,66.0,217.0
2019-01-26,25T,53.0,102.0
2019-01-27,24T,47.0,155.0
2019-01-27,25T,41.0,89.0
2019-01-28,24T,61.0,177.0
2019-01-28,25T,50.0,96.0
2019-01-29,24T,66.0,209.0
2019-01-29,25T,51.0,101.0
2019-01-30,24T,91.0,256.0
2019-01-30,25T,72.0,132.0
2019-01-31,24T,103.0,318.0
2019-01-31,25T,79.0,141.0
2019-02-01,24T,76.0,276.0
2019-02-01,25T,50.0,102.0
2019-02-02,24T,68.0,208.0
2019-02-02,25T,56.0,115.0
2019-02-03,24T,60.0,173.0
2019-02-03,25T,42.0,81.0
2019-02-04,24T,65.0,178.0
2019-02-04,25T,42.0,81.0
2019-02-05,24T,64.0,150.0
2019-02-05,25T,41.0,80.0
2019-02-06,24T,39.0,81.0
2019-02-06,25T,30.0,60.0
2019-02-07,24T,43.0,113.0
2019-02-07,25T,32.0,67.0
2019-02-08,24T,50.0,139.0
2019-02-08,25T,37.0,71.0
2019-02-09,24T,54.0,143.0
2019-02-09,25T,30.0,71.0
2019-02-10,24T,44.0,105.0
2019-02-10,25T,30.0,62.0
2019-02-11,24T,50.0,145.0
2019-02-11,25T,36.0,67.0
2019-02-12,24T,63.0,181.0
2019-02-12,25T,42.0,88.0
2019-02-13,24T,75.0,227.0
2019-02-13,25T,60.0,111.0
2019-02-14,24T,71.0,177.0
2019-02-14,25T,40.0,73.0
2019-02-15,24T,48.0,124.0
2019-02-15,25T,33.0,65.0
2019-02-16,24T,46.0,121.0
2019-02-16,25T,30.0,59.0
2019-02-17,24T,34.0,98.0
2019-02-17,25T,23.0,50.0
2019-02-18,24T,36.0,101.0
2019-02-18,25T,22.0,44.0
2019-02-19,24T,29.0,84.0
2019-02-19,25T,16.0,41.0
2019-02-20,24T,34.0,103.0
2019-02-20,25T,22.0,51.0
2019-02-21,24T,41.0,113.0
2019-02-21,25T,26.0,52.0
2019-02-22,24T,42.0,130.0
2019-02-22,25T,22.0,46.0
2019-02-23,24T,41.0,112.0
2019-02-23,25T,26.0,56.0
2019-02-24,24T,39.0,79.0
2019-02-24,25T,28.0,59.0
2019-02-25,24T,31.0,83.0
2019-02-25,25T,26.0,57.0
2019-02-26,24T,39.0,
2019-02-26,25T,26.0,49.0
2019-02-27,24T,49.0,
2019-02-27,25T,40.0,80.0
2019-02-28,24T,54.0,132.0
2019-02-28,25T,37.0,71.0
2019-03-01,24T,43.0,83.0
2019-03-01,25T,32.0,74.0
2019-03-02,24T,42.0,90.0
2019-03-02,25T,30.0,61.0
2019-03-03,24T,43.0,107.0
2019-03-03,25T,32.0,58.0
2019-03-04,24T,32.0,87.0
2019-03-04,25T,24.0,67.0
2019-03-05,24T,45.0,120.0
2019-03-05,25T,31.0,58.0
2019-03-06,24T,50.0,120.0
2019-03-06,25T,34.0,68.0
2019-03-07,24T,32.0,97.0
2019-03-07,25T,24.0,55.0
2019-03-08,24T,41.0,114.0
2019-03-08,25T,29.0,65.0
2019-03-09,24T,44.0,99.0
2019-03-09,25T,26.0,62.0
2019-03-10,24T,36.0,94.0
2019-03-10,25T,26.0,61.0
2019-03-11,24T,46.0,115.0
2019-03-11,25T,32.0,64.0
2019-03-12,24T,73.0,182.0
2019-03-12,25T,42.0,80.0
2019-03-13,24T,81.0,195.0
2019-03-13,25T,42.0,81.0
2019-03-14,24T,50.0,121.0
2019-03-14,25T,33.0,71.0
2019-03-15,24T,36.0,101.0
2019-03-15,25T,23.0,52.0
2019-03-16,24T,52.0,117.0
2019-03-16,25T,35.0,69.0
2019-03-17,24T,52.0,120.0
2019-03-17,25T,46.0,90.0
2019-03-18,24T,47.0,125.0
2019-03-18,25T,41.0,72.0
2019-03-19,24T,45.0,105.0
2019-03-19,25T,34.0,66.0
2019-03-20,24T,50.0,113.0
2019-03-20,25T,36.0,77.0
2019-03-21,24T,47.0,106.0
2019-03-21,25T,36.0,72.0
2019-03-22,24T,43.0,101.0
2019-03-22,25T,33.0,72.0
2019-03-23,24T,59.0,125.0
2019-03-23,25T,44.0,88.0
2019-03-24,24T,42.0,85.0
2019-03-24,25T,35.0,70.0
2019-03-25,24T,35.0,124.0
2019-03-25,25T,28.0,59.0
2019-03-26,24T,40.0,150.0
2019-03-26,25T,32.0,75.0
2019-03-27,24T,26.0,93.0
2019-03-27,25T,27.0,
2019-03-28,24T,26.0,96.0
2019-03-28,25T,25.0,70.0
2019-03-29,24T,21.0,69.0
2019-03-29,25T,30.0,73.0
2019-03-30,24T,31.0,122.0
2019-03-30,25T,40.0,106.0
2019-03-31,24T,32.0,86.0
2019-03-31,25T,24.0,71.0
2019-04-01,24T,25.0,92.0
2019-04-01,25T,17.0,51.0
2019-04-02,24T,36.0,160.0
2019-04-02,25T,23.0,57.0
2019-04-03,24T,38.0,134.0
2019-04-03,25T,20.0,48.0
2019-04-04,24T,42.0,132.0
2019-04-04,25T,23.0,48.0
2019-04-05,24T,37.0,132.0
2019-04-05,25T,22.0,44.0
2019-04-06,24T,35.0,122.0
2019-04-06,25T,24.0,50.0
2019-04-07,24T,24.0,88.0
2019-04-07,25T,21.0,42.0
2019-04-08,24T,27.0,84.0
2019-04-08,25T,23.0,43.0
2019-04-09,24T,29.0,92.0
2019-04-09,25T,19.0,41.0
2019-04-10,24T,25.0,82.0
2019-04-10,25T,23.0,46.0
2019-04-11,24T,22.0,65.0
2019-04-11,25T,24.0,48.0
2019-04-12,24T,23.0,57.0
2019-04-12,25T,26.0,46.0
2019-04-13,24T,19.0,49.0
2019-04-13,25T,20.0,39.0
2019-04-14,24T,13.0,41.0
2019-04-14,25T,17.0,31.0
2019-04-15,24T,11.0,33.0
2019-04-15,25T,15.0,31.0
2019-04-16,24T,17.0,47.0
2019-04-16,25T,20.0,36.0
2019-04-17,24T,16.0,46.0
2019-04-17,25T,19.0,36.0
2019-04-18,24T,26.0,72.0
2019-04-18,25T,25.0,51.0
2019-04-19,24T,24.0,64.0
2019-04-19,25T,22.0,50.0
2019-04-20,24T,28.0,83.0
2019-04-20,25T,27.0,66.0
2019-04-21,24T,30.0,83.0
2019-04-21,25T,34.0,65.0
2019-04-22,24T,30.0,103.0
2019-04-22,25T,24.0,53.0
2019-04-23,24T,26.0,107.0
2019-04-23,25T,21.0,45.0
2019-04-24,24T,44.0,165.0
2019-04-24,25T,29.0,54.0
2019-04-25,24T,30.0,101.0
2019-04-25,25T,23.0,49.0
2019-04-26,24T,33.0,128.0
2019-04-26,25T,19.0,44.0
2019-04-27,24T,37.0,118.0
2019-04-27,25T,24.0,54.0
2019-04-28,24T,24.0,74.0
2019-04-28,25T,19.0,43.0
2019-04-29,24T,13.0,57.0
2019-04-29,25T,16.0,37.0
2019-04-30,24T,19.0,60.0
2019-04-30,25T,18.0,44.0
2019-05-01,24T,,51.0
2019-05-01,25T,15.0,49.0
2019-05-02,24T,,84.0
2019-05-02,25T,19.0,47.0
2019-05-03,24T,19.0,82.0
2019-05-03,25T,17.0,46.0
2019-05-04,24T,27.0,84.0
2019-05-04,25T,16.0,43.0
2019-05-05,24T,22.0,73.0
2019-05-05,25T,19.0,36.0
2019-05-06,24T,36.0,78.0
2019-05-06,25T,22.0,55.0
2019-05-07,24T,41.0,106.0
2019-05-07,25T,33.0,83.0
2019-05-08,24T,36.0,91.0
2019-05-08,25T,35.0,82.0
2019-05-09,24T,36.0,101.0
2019-05-09,25T,,
2019-05-10,24T,27.0,109.0
2019-05-10,25T,,
2019-05-11,24T,30.0,127.0
2019-05-11,25T,,
2019-05-12,24T,29.0,108.0
2019-05-12,25T,28.0,52.0
2019-05-13,24T,25.0,118.0
2019-05-13,25T,22.0,48.0
2019-05-14,24T,21.0,93.0
2019-05-14,25T,22.0,42.0
2019-05-15,24T,25.0,87.0
2019-05-15,25T,26.0,48.0
2019-05-16,24T,23.0,95.0
2019-05-16,25T,22.0,47.0
2019-05-17,24T,25.0,95.0
2019-05-17,25T,26.0,66.0
2019-05-18,24T,29.0,97.0
2019-05-18,25T,29.0,73.0
2019-05-19,24T,32.0,106.0
2019-05-19,25T,32.0,76.0
2019-05-20,24T,27.0,81.0
2019-05-20,25T,25.0,54.0
2019-05-21,24T,21.0,86.0
2019-05-21,25T,25.0,58.0
2019-05-22,24T,21.0,105.0
2019-05-22,25T,25.0,47.0
2019-05-23,24T,22.0,93.0
2019-05-23,25T,14.0,28.0
2019-05-24,24T,17.0,91.0
2019-05-24,25T,16.0,35.0
2019-05-25,24T,21.0,92.0
2019-05-25,25T,19.0,47.0
2019-05-26,24T,14.0,64.0
2019-05-26,25T,16.0,42.0
2019-05-27,24T,17.0,71.0
2019-05-27,25T,12.0,32.0
2019-05-28,24T,16.0,78.0
2019-05-28,25T,8.0,22.0
2019-05-29,24T,15.0,76.0
2019-05-29,25T,9.0,19.0
2019-05-30,24T,16.0,95.0
2019-05-30,25T,5.0,13.0
2019-05-31,24T,15.0,70.0
2019-05-31,25T,12.0,27.0
2019-06-01,24T,12.0,
2019-06-01,25T,11.0,35.0
2019-06-02,24T,17.0,70.0
2019-06-02,25T,13.0,36.0
2019-06-03,24T,20.0,114.0
2019-06-03,25T,,
2019-06-04,24T,19.0,111.0
2019-06-04,25T,,
2019-06-05,24T,22.0,90.0
2019-06-05,25T,,
2019-06-06,24T,17.0,113.0
2019-06-06,25T,14.0,31.0
2019-06-07,24T,25.0,118.0
2019-06-07,25T,14.0,31.0
2019-06-08,24T,21.0,135.0
2019-06-08,25T,8.0,23.0
2019-06-09,24T,11.0,56.0
2019-06-09,25T,6.0,28.0
2019-06-10,24T,14.0,85.0
2019-06-10,25T,6.0,22.0
2019-06-11,24T,17.0,107.0
2019-06-11,25T,,22.0
2019-06-12,24T,20.0,113.0
2019-06-12,25T,7.0,23.0
2019-06-13,24T,18.0,
2019-06-13,25T,12.0,28.0
2019-06-14,24T,17.0,
2019-06-14,25T,11.0,24.0
2019-06-15,24T,13.0,58.0
2019-06-15,25T,11.0,31.0
2019-06-16,24T,15.0,70.0
2019-06-16,25T,8.0,21.0
2019-06-17,24T,9.0,45.0
2019-06-17,25T,6.0,17.0
2019-06-18,24T,12.0,61.0
2019-06-18,25T,6.0,21.0
2019-06-19,24T,16.0,71.0
2019-06-19,25T,12.0,27.0
2019-06-20,24T,18.0,77.0
2019-06-20,25T,14.0,40.0
2019-06-21,24T,20.0,80.0
2019-06-21,25T,19.0,55.0
2019-06-22,24T,24.0,96.0
2019-06-22,25T,21.0,64.0
2019-06-23,24T,23.0,86.0
2019-06-23,25T,17.0,42.0
2019-06-24,24T,49.0,73.0
2019-06-24,25T,8.0,25.0
2019-06-25,24T,,66.0
2019-06-25,25T,9.0,27.0
2019-06-26,24T,,52.0
2019-06-26,25T,8.0,30.0
2019-06-27,24T,,89.0
2019-06-27,25T,6.0,22.0
2019-06-28,24T,,95.0
2019-06-28,25T,11.0,29.0
2019-06-29,24T,,76.0
2019-06-29,25T,7.0,27.0
2019-06-30,24T,,74.0
2019-06-30,25T,10.0,28.0
2019-07-01,24T,,84.0
2019-07-01,25T,12.0,34.0
2019-07-02,24T,,114.0
2019-07-02,25T,13.0,44.0
2019-07-03,24T,,71.0
2019-07-03,25T,7.0,14.0
2019-07-04,24T,,71.0
2019-07-04,25T,9.0,24.0
2019-07-05,24T,13.0,91.0
2019-07-05,25T,,
2019-07-06,24T,23.0,112.0
2019-07-06,25T,10.0,
2019-07-07,24T,,
2019-07-07,25T,15.0,20.0
2019-07-08,24T,,
2019-07-08,25T,13.0,34.0
2019-07-09,24T,21.0,74.0
2019-07-09,25T,15.0,46.0
2019-07-10,24T,20.0,76.0
2019-07-10,25T,11.0,40.0
2019-07-11,24T,22.0,73.0
2019-07-11,25T,14.0,42.0
2019-07-12,24T,25.0,77.0
2019-07-12,25T,15.0,45.0
2019-07-13,24T,18.0,58.0
2019-07-13,25T,14.0,40.0
2019-07-14,24T,14.0,52.0
2019-07-14,25T,11.0,33.0
2019-07-15,24T,15.0,58.0
2019-07-15,25T,8.0,35.0
2019-07-16,24T,16.0,64.0
2019-07-16,25T,11.0,38.0
2019-07-17,24T,19.0,53.0
2019-07-17,25T,11.0,35.0
2019-07-18,24T,14.0,50.0
2019-07-18,25T,10.0,33.0
2019-07-19,24T,14.0,47.0
2019-07-19,25T,9.0,35.0
2019-07-20,24T,12.0,46.0
2019-07-20,25T,8.0,28.0
2019-07-21,24T,13.0,52.0
2019-07-21,25T,10.0,
2019-07-22,24T,18.0,76.0
2019-07-22,25T,10.0,
2019-07-23,24T,19.0,74.0
2019-07-23,25T,12.0,
2019-07-24,24T,18.0,80.0
2019-07-24,25T,10.0,
2019-07-25,24T,14.0,63.0
2019-07-25,25T,6.0,16.0
2019-07-26,24T,25.0,101.0
2019-07-26,25T,8.0,20.0
2019-07-27,24T,19.0,77.0
2019-07-27,25T,16.0,37.0
2019-07-28,24T,22.0,70.0
2019-07-28,25T,17.0,44.0
2019-07-29,24T,13.0,56.0
2019-07-29,25T,11.0,34.0
2019-07-30,24T,15.0,65.0
2019-07-30,25T,9.0,30.0
2019-07-31,24T,13.0,65.0
2019-07-31,25T,10.0,36.0
2019-08-01,24T,13.0,60.0
2019-08-01,25T,10.0,24.0
2019-08-02,24T,21.0,85.0
2019-08-02,25T,7.0,26.0
2019-08-03,24T,21.0,70.0
2019-08-03,25T,12.0,29.0
2019-08-04,24T,12.0,46.0
2019-08-04,25T,8.0,22.0
2019-08-05,24T,13.0,50.0
2019-08-05,25T,5.0,16.0
2019-08-06,24T,12.0,41.0
2019-08-06,25T,7.0,17.0
2019-08-07,24T,17.0,72.0
2019-08-07,25T,11.0,28.0
2019-08-08,24T,14.0,52.0
2019-08-08,25T,10.0,21.0
2019-08-09,24T,16.0,67.0
2019-08-09,25T,7.0,14.0
2019-08-10,24T,16.0,79.0
2019-08-10,25T,5.0,13.0
2019-08-11,24T,12.0,54.0
2019-08-11,25T,5.0,12.0
2019-08-12,24T,17.0,71.0
2019-08-12,25T,9.0,17.0
2019-08-13,24T,19.0,79.0
2019-08-13,25T,11.0,22.0
2019-08-14,24T,17.0,70.0
2019-08-14,25T,11.0,25.0
2019-08-15,24T,22.0,90.0
2019-08-15,25T,15.0,31.0
2019-08-16,24T,23.0,87.0
2019-08-16,25T,14.0,33.0
2019-08-17,24T,16.0,73.0
2019-08-17,25T,8.0,21.0
2019-08-18,24T,18.0,76.0
2019-08-18,25T,11.0,26.0
2019-08-19,24T,17.0,66.0
2019-08-19,25T,11.0,30.0
2019-08-20,24T,21.0,91.0
2019-08-20,25T,7.0,22.0
2019-08-21,24T,10.0,53.0
2019-08-21,25T,4.0,15.0
2019-08-22,24T,17.0,74.0
2019-08-22,25T,10.0,20.0
2019-08-23,24T,17.0,80.0
2019-08-23,25T,7.0,20.0
2019-08-24,24T,19.0,80.0
2019-08-24,25T,9.0,29.0
2019-08-25,24T,12.0,51.0
2019-08-25,25T,10.0,24.0
2019-08-26,24T,11.0,49.0
2019-08-26,25T,7.0,17.0
2019-08-27,24T,19.0,86.0
2019-08-27,25T,8.0,24.0
2019-08-28,24T,21.0,77.0
2019-08-28,25T,10.0,26.0
2019-08-29,24T,22.0,108.0
2019-08-29,25T,10.0,25.0
2019-08-30,24T,16.0,55.0
2019-08-30,25T,8.0,20.0
2019-08-31,24T,17.0,76.0
2019-08-31,25T,9.0,23.0
2019-09-01,24T,12.0,71.0
2019-09-01,25T,5.0,16.0
2019-09-02,24T,27.0,117.0
2019-09-02,25T,9.0,28.0
2019-09-03,24T,16.0,67.0
2019-09-03,25T,10.0,20.0
2019-09-04,24T,18.0,86.0
2019-09-04,25T,7.0,22.0
2019-09-05,24T,21.0,100.0
2019-09-05,25T,10.0,28.0
2019-09-06,24T,19.0,85.0
2019-09-06,25T,12.0,30.0
2019-09-07,24T,24.0,89.0
2019-09-07,25T,14.0,43.0
2019-09-08,24T,20.0,86.0
2019-09-08,25T,13.0,37.0
2019-09-09,24T,26.0,108.0
2019-09-09,25T,12.0,30.0
2019-09-10,24T,24.0,105.0
2019-09-10,25T,9.0,23.0
2019-09-11,24T,26.0,108.0
2019-09-11,25T,10.0,27.0
2019-09-12,24T,30.0,169.0
2019-09-12,25T,12.0,34.0
2019-09-13,24T,31.0,104.0
2019-09-13,25T,12.0,34.0
2019-09-14,24T,28.0,119.0
2019-09-14,25T,8.0,20.0
2019-09-15,24T,29.0,158.0
2019-09-15,25T,11.0,39.0
2019-09-16,24T,32.0,157.0
2019-09-16,25T,12.0,37.0
2019-09-17,24T,21.0,120.0
2019-09-17,25T,12.0,39.0
2019-09-18,24T,32.0,147.0
2019-09-18,25T,16.0,45.0
2019-09-19,24T,29.0,101.0
2019-09-19,25T,11.0,34.0
2019-09-20,24T,35.0,160.0
2019-09-20,25T,13.0,34.0
2019-09-21,24T,26.0,94.0
2019-09-21,25T,12.0,36.0
2019-09-22,24T,27.0,103.0
2019-09-22,25T,17.0,44.0
2019-09-23,24T,28.0,96.0
2019-09-23,25T,14.0,38.0
2019-09-24,24T,36.0,146.0
2019-09-24,25T,25.0,68.0
2019-09-25,24T,43.0,170.0
2019-09-25,25T,32.0,77.0
2019-09-26,24T,36.0,139.0
2019-09-26,25T,23.0,62.0
2019-09-27,24T,34.0,150.0
2019-09-27,25T,25.0,67.0
2019-09-28,24T,51.0,188.0
2019-09-28,25T,34.0,79.0
2019-09-29,24T,60.0,196.0
2019-09-29,25T,38.0,79.0
2019-09-30,24T,65.0,226.0
2019-09-30,25T,44.0,83.0
2019-10-01,24T,54.0,160.0
2019-10-01,25T,35.0,71.0
2019-10-02,24T,39.0,124.0
2019-10-02,25T,23.0,48.0
2019-10-03,24T,41.0,132.0
2019-10-03,25T,26.0,48.0
2019-10-04,24T,38.0,156.0
2019-10-04,25T,19.0,42.0
2019-10-05,24T,38.0,
2019-10-05,25T,18.0,48.0
2019-10-06,24T,31.0,
2019-10-06,25T,14.0,44.0
2019-10-07,24T,28.0,131.0
2019-10-07,25T,13.0,44.0
2019-10-08,24T,29.0,154.0
2019-10-08,25T,12.0,40.0
2019-10-09,24T,32.0,171.0
2019-10-09,25T,17.0,48.0
2019-10-10,24T,29.0,151.0
2019-10-10,25T,18.0,60.0
2019-10-11,24T,33.0,162.0
2019-10-11,25T,20.0,53.0
2019-10-12,24T,,199.0
2019-10-12,25T,23.0,54.0
2019-10-13,24T,28.0,146.0
2019-10-13,25T,16.0,55.0
2019-10-14,24T,30.0,150.0
2019-10-14,25T,13.0,42.0
2019-10-15,24T,32.0,164.0
2019-10-15,25T,18.0,52.0
2019-10-16,24T,22.0,119.0
2019-10-16,25T,12.0,44.0
2019-10-17,24T,25.0,119.0
2019-10-17,25T,12.0,42.0
2019-10-18,24T,27.0,136.0
2019-10-18,25T,16.0,58.0
2019-10-19,24T,27.0,125.0
2019-10-19,25T,17.0,53.0
2019-10-20,24T,27.0,111.0
2019-10-20,25T,19.0,54.0
2019-10-21,24T,35.0,154.0
2019-10-21,25T,20.0,61.0
2019-10-22,24T,43.0,191.0
2019-10-22,25T,24.0,74.0
2019-10-23,24T,53.0,186.0
2019-10-23,25T,30.0,65.0
2019-10-24,24T,55.0,181.0
2019-10-24,25T,24.0,62.0
2019-10-25,24T,47.0,180.0
2019-10-25,25T,19.0,53.0
2019-10-26,24T,40.0,171.0
2019-10-26,25T,20.0,60.0
2019-10-27,24T,29.0,129.0
2019-10-27,25T,16.0,53.0
2019-10-28,24T,35.0,153.0
2019-10-28,25T,18.0,56.0
2019-10-29,24T,39.0,166.0
2019-10-29,25T,17.0,52.0
2019-10-30,24T,27.0,146.0
2019-10-30,25T,13.0,53.0
2019-10-31,24T,30.0,143.0
2019-10-31,25T,16.0,50.0
2019-11-01,24T,20.0,105.0
2019-11-01,25T,9.0,32.0
2019-11-02,24T,29.0,117.0
2019-11-02,25T,13.0,40.0
2019-11-03,24T,36.0,177.0
2019-11-03,25T,,50.0
2019-11-04,24T,52.0,203.0
2019-11-04,25T,,63.0
2019-11-05,24T,48.0,188.0
2019-11-05,25T,19.0,66.0
2019-11-06,24T,48.0,186.0
2019-11-06,25T,19.0,74.0
2019-11-07,24T,59.0,213.0
2019-11-07,25T,22.0,65.0
2019-11-08,24T,55.0,184.0
2019-11-08,25T,23.0,86.0
2019-11-09,24T,52.0,181.0
2019-11-09,25T,22.0,85.0
2019-11-10,24T,51.0,172.0
2019-11-10,25T,22.0,78.0
2019-11-11,24T,61.0,206.0
2019-11-11,25T,22.0,76.0
2019-11-12,24T,64.0,247.0
2019-11-12,25T,25.0,84.0
2019-11-13,24T,49.0,178.0
2019-11-13,25T,22.0,56.0
2019-11-14,24T,21.0,125.0
2019-11-14,25T,24.0,52.0
2019-11-15,24T,35.0,164.0
2019-11-15,25T,24.0,43.0
2019-11-16,24T,58.0,219.0
2019-11-16,25T,24.0,53.0
2019-11-17,24T,57.0,187.0
2019-11-17,25T,,
2019-11-18,24T,61.0,206.0
2019-11-18,25T,19.0,50.0
2019-11-19,24T,47.0,205.0
2019-11-19,25T,,
2019-11-20,24T,29.0,153.0
2019-11-20,25T,16.0,43.0
2019-11-21,24T,37.0,177.0
2019-11-21,25T,23.0,58.0
2019-11-22,24T,41.0,166.0
2019-11-22,25T,21.0,64.0
2019-11-23,24T,50.0,214.0
2019-11-23,25T,26.0,66.0
2019-11-24,24T,47.0,193.0
2019-11-24,25T,,
2019-11-25,24T,43.0,210.0
2019-11-25,25T,,
2019-11-26,24T,34.0,168.0
2019-11-26,25T,,
2019-11-27,24T,27.0,148.0
2019-11-27,25T,21.0,55.0
2019-11-28,24T,19.0,127.0
2019-11-28,25T,14.0,59.0
2019-11-29,24T,28.0,135.0
2019-11-29,25T,,
2019-11-30,24T,27.0,134.0
2019-11-30,25T,,
2019-12-01,24T,30.0,133.0
2019-12-01,25T,,
2019-12-02,24T,25.0,141.0
2019-12-02,25T,,
2019-12-03,24T,23.0,125.0
2019-12-03,25T,17.0,61.0
2019-12-04,24T,35.0,148.0
2019-12-04,25T,29.0,78.0
2019-12-05,24T,36.0,120.0
2019-12-05,25T,27.0,91.0
2019-12-06,24T,41.0,166.0
2019-12-06,25T,36.0,94.0
2019-12-07,24T,35.0,148.0
2019-12-07,25T,32.0,100.0
2019-12-08,24T,34.0,123.0
2019-12-08,25T,36.0,83.0
2019-12-09,24T,40.0,137.0
2019-12-09,25T,37.0,84.0
2019-12-10,24T,55.0,168.0
2019-12-10,25T,46.0,104.0
2019-12-11,24T,65.0,
2019-12-11,25T,57.0,125.0
2019-12-12,24T,68.0,203.0
2019-12-12,25T,53.0,109.0
2019-12-13,24T,59.0,197.0
2019-12-13,25T,52.0,102.0
2019-12-14,24T,47.0,188.0
2019-12-14,25T,42.0,89.0
2019-12-15,24T,54.0,187.0
2019-12-15,25T,40.0,91.0
2019-12-16,24T,62.0,227.0
2019-12-16,25T,48.0,98.0
2019-12-17,24T,58.0,223.0
2019-12-17,25T,42.0,93.0
2019-12-18,24T,60.0,229.0
2019-12-18,25T,38.0,89.0
2019-12-19,24T,74.0,264.0
2019-12-19,25T,43.0,97.0
2019-12-20,24T,64.0,246.0
2019-12-20,25T,42.0,91.0
2019-12-21,24T,65.0,237.0
2019-12-21,25T,45.0,98.0
2019-12-22,24T,71.0,218.0
2019-12-22,25T,53.0,107.0
2019-12-23,24T,76.0,234.0
2019-12-23,25T,44.0,89.0
2019-12-24,24T,87.0,259.0
2019-12-24,25T,55.0,114.0
2019-12-25,24T,67.0,237.0
2019-12-25,25T,52.0,109.0
2019-12-26,24T,56.0,203.0
2019-12-26,25T,53.0,104.0
2019-12-27,24T,63.0,216.0
2019-12-27,25T,55.0,106.0
2019-12-28,24T,38.0,114.0
2019-12-28,25T,46.0,99.0
2019-12-29,24T,36.0,103.0
2019-12-29,25T,41.0,83.0
2019-12-30,24T,30.0,87.0
2019-12-30,25T,44.0,87.0
2019-12-31,24T,26.0,94.0
2019-12-31,25T,35.0,75.0
2020-01-01,24T,16.0,58.0
2020-01-01,25T,25.0,55.0
2020-01-02,24T,22.0,99.0
2020-01-02,25T,26.0,54.0
2020-01-03,24T,35.0,153.0
2020-01-03,25T,34.0,84.0
2020-01-04,24T,45.0,177.0
2020-01-04,25T,44.0,93.0
2020-01-05,24T,42.0,159.0
2020-01-05,25T,48.0,100.0
2020-01-06,24T,62.0,213.0
2020-01-06,25T,55.0,116.0
2020-01-07,24T,75.0,246.0
2020-01-07,25T,63.0,127.0
2020-01-08,24T,76.0,262.0
2020-01-08,25T,57.0,121.0
2020-01-09,24T,67.0,258.0
2020-01-09,25T,56.0,109.0
2020-01-10,24T,68.0,226.0
2020-01-10,25T,59.0,111.0
2020-01-11,24T,76.0,231.0
2020-01-11,25T,64.0,113.0
2020-01-12,24T,60.0,178.0
2020-01-12,25T,51.0,91.0
2020-01-13,24T,63.0,204.0
2020-01-13,25T,55.0,100.0
2020-01-14,24T,87.0,265.0
2020-01-14,25T,59.0,102.0
2020-01-15,24T,82.0,240.0
2020-01-15,25T,58.0,106.0
2020-01-16,24T,81.0,241.0
2020-01-16,25T,58.0,100.0
2020-01-17,24T,71.0,228.0
2020-01-17,25T,53.0,94.0
2020-01-18,24T,90.0,257.0
2020-01-18,25T,71.0,119.0
2020-01-19,24T,87.0,230.0
2020-01-19,25T,77.0,126.0
2020-01-20,24T,91.0,253.0
2020-01-20,25T,81.0,142.0
2020-01-21,24T,97.0,253.0
2020-01-21,25T,92.0,143.0
2020-01-22,24T,90.0,259.0
2020-01-22,25T,75.0,124.0
2020-01-23,24T,71.0,193.0
2020-01-23,25T,58.0,101.0
2020-01-24,24T,43.0,125.0
2020-01-24,25T,37.0,65.0
2020-01-25,24T,34.0,107.0
2020-01-25,25T,27.0,69.0
2020-01-26,24T,32.0,131.0
2020-01-26,25T,29.0,71.0
2020-01-27,24T,37.0,117.0
2020-01-27,25T,32.0,73.0
2020-01-28,24T,49.0,171.0
2020-01-28,25T,40.0,79.0
2020-01-29,24T,77.0,275.0
2020-01-29,25T,50.0,91.0
2020-01-30,24T,70.0,245.0
2020-01-30,25T,57.0,115.0
2020-01-31,24T,57.0,222.0
2020-01-31,25T,56.0,105.0
2020-02-01,24T,82.0,213.0
2020-02-01,25T,88.0,154.0
2020-02-02,24T,110.0,297.0
2020-02-02,25T,106.0,171.0
2020-02-03,24T,108.0,274.0
2020-02-03,25T,90.0,137.0
2020-02-04,24T,74.0,213.0
2020-02-04,25T,58.0,90.0
2020-02-05,24T,55.0,187.0
2020-02-05,25T,48.0,78.0
2020-02-06,24T,58.0,198.0
2020-02-06,25T,35.0,60.0
2020-02-07,24T,56.0,210.0
2020-02-07,25T,42.0,74.0
2020-02-08,24T,93.0,316.0
2020-02-08,25T,67.0,107.0
2020-02-09,24T,67.0,265.0
2020-02-09,25T,57.0,98.0
2020-02-10,24T,41.0,192.0
2020-02-10,25T,35.0,80.0
2020-02-11,24T,63.0,209.0
2020-02-11,25T,61.0,104.0
2020-02-12,24T,73.0,212.0
2020-02-12,25T,51.0,96.0
2020-02-13,24T,22.0,89.0
2020-02-13,25T,23.0,46.0
2020-02-14,24T,24.0,101.0
2020-02-14,25T,20.0,47.0
2020-02-15,24T,25.0,84.0
2020-02-15,25T,27.0,68.0
2020-02-16,24T,32.0,132.0
2020-02-16,25T,22.0,57.0
2020-02-17,24T,62.0,253.0
2020-02-17,25T,44.0,80.0
2020-02-18,24T,45.0,196.0
2020-02-18,25T,43.0,101.0
2020-02-19,24T,53.0,226.0
2020-02-19,25T,57.0,102.0
2020-02-20,24T,64.0,235.0
2020-02-20,25T,61.0,101.0
2020-02-21,24T,65.0,248.0
2020-02-21,25T,49.0,95.0
2020-02-22,24T,48.0,241.0
2020-02-22,25T,34.0,99.0
2020-02-23,24T,42.0,155.0
2020-02-23,25T,43.0,86.0
2020-02-24,24T,57.0,178.0
2020-02-24,25T,78.0,127.0
2020-02-25,24T,100.0,265.0
2020-02-25,25T,117.0,167.0
2020-02-26,24T,96.0,279.0
2020-02-26,25T,75.0,114.0
2020-02-27,24T,98.0,345.0
2020-02-27,25T,66.0,103.0
2020-02-28,24T,73.0,208.0
2020-02-28,25T,52.0,81.0
2020-02-29,24T,48.0,155.0
2020-02-29,25T,41.0,64.0
2020-03-01,24T,40.0,124.0
2020-03-01,25T,33.0,59.0
2020-03-02,24T,45.0,129.0
2020-03-02,25T,36.0,63.0
2020-03-03,24T,40.0,126.0
2020-03-03,25T,31.0,59.0
2020-03-04,24T,24.0,94.0
2020-03-04,25T,20.0,45.0
2020-03-05,24T,33.0,128.0
2020-03-05,25T,23.0,46.0
2020-03-06,24T,26.0,117.0
2020-03-06,25T,26.0,43.0
2020-03-07,24T,38.0,130.0
2020-03-07,25T,26.0,39.0
2020-03-08,24T,34.0,122.0
2020-03-08,25T,28.0,46.0
2020-03-09,24T,60.0,146.0
2020-03-09,25T,48.0,64.0
2020-03-10,24T,54.0,132.0
2020-03-10,25T,45.0,61.0
2020-03-11,24T,54.0,157.0
2020-03-11,25T,43.0,58.0
2020-03-12,24T,53.0,134.0
2020-03-12,25T,44.0,59.0
2020-03-13,24T,34.0,104.0
2020-03-13,25T,32.0,48.0
2020-03-14,24T,34.0,111.0
2020-03-14,25T,30.0,50.0
2020-03-15,24T,,
2020-03-15,25T,24.0,34.0
2020-03-16,24T,38.0,148.0
2020-03-16,25T,34.0,55.0
2020-03-17,24T,43.0,149.0
2020-03-17,25T,30.0,44.0
2020-03-18,24T,35.0,117.0
2020-03-18,25T,29.0,44.0
2020-03-19,24T,31.0,98.0
2020-03-19,25T,30.0,44.0
2020-03-20,24T,32.0,96.0
2020-03-20,25T,28.0,42.0
2020-03-21,24T,37.0,119.0
2020-03-21,25T,32.0,44.0
2020-03-22,24T,36.0,109.0
2020-03-22,25T,27.0,38.0
2020-03-23,24T,36.0,122.0
2020-03-23,25T,27.0,38.0
2020-03-24,24T,35.0,104.0
2020-03-24,25T,27.0,37.0
2020-03-25,24T,30.0,99.0
2020-03-25,25T,26.0,36.0
2020-03-26,24T,,
2020-03-26,25T,27.0,37.0
2020-03-27,24T,,
2020-03-27,25T,31.0,41.0
2020-03-28,24T,,
2020-03-28,25T,38.0,51.0
2020-03-29,24T,,
2020-03-29,25T,36.0,40.0
2020-03-30,24T,,
2020-03-30,25T,35.0,
2020-03-31,24T,,
2020-03-31,25T,40.0,52.0
2020-04-01,24T,42.0,104.0
2020-04-01,25T,32.0,44.0
2020-04-02,24T,40.0,100.0
2020-04-02,25T,31.0,44.0
2020-04-03,24T,39.0,107.0
2020-04-03,25T,28.0,39.0
2020-04-04,24T,33.0,110.0
2020-04-04,25T,27.0,36.0
2020-04-05,24T,32.0,106.0
2020-04-05,25T,27.0,40.0
2020-04-06,24T,28.0,89.0
2020-04-06,25T,24.0,38.0
2020-04-07,24T,27.0,80.0
2020-04-07,25T,22.0,34.0
2020-04-08,24T,35.0,109.0
2020-04-08,25T,22.0,33.0
2020-04-09,24T,31.0,116.0
2020-04-09,25T,23.0,34.0
2020-04-10,24T,38.0,135.0
2020-04-10,25T,23.0,37.0
2020-04-11,24T,34.0,112.0
2020-04-11,25T,26.0,37.0
2020-04-12,24T,35.0,113.0
2020-04-12,25T,27.0,35.0
2020-04-13,24T,26.0,92.0
2020-04-13,25T,23.0,35.0
2020-04-14,24T,37.0,115.0
2020-04-14,25T,34.0,49.0
2020-04-15,24T,51.0,147.0
2020-04-15,25T,39.0,53.0
2020-04-16,24T,30.0,87.0
2020-04-16,25T,28.0,38.0
2020-04-17,24T,30.0,72.0
2020-04-17,25T,26.0,34.0
2020-04-18,24T,22.0,80.0
2020-04-18,25T,18.0,25.0
2020-04-19,24T,23.0,83.0
2020-04-19,25T,19.0,26.0
2020-04-20,24T,29.0,82.0
2020-04-20,25T,19.0,30.0
2020-04-21,24T,24.0,62.0
2020-04-21,25T,23.0,33.0
2020-04-22,24T,33.0,83.0
2020-04-22,25T,27.0,37.0
2020-04-23,24T,35.0,130.0
2020-04-23,25T,26.0,38.0
2020-04-24,24T,29.0,109.0
2020-04-24,25T,25.0,37.0
2020-04-25,24T,24.0,105.0
2020-04-25,25T,28.0,46.0
2020-04-26,24T,33.0,110.0
2020-04-26,25T,29.0,47.0
2020-04-27,24T,27.0,98.0
2020-04-27,25T,26.0,46.0
2020-04-28,24T,28.0,116.0
2020-04-28,25T,,
2020-04-29,24T,52.0,147.0
2020-04-29,25T,,65.0
2020-04-30,24T,37.0,124.0
2020-04-30,25T,29.0,42.0
2020-05-01,24T,34.0,79.0
2020-05-01,25T,27.0,39.0
2020-05-02,24T,29.0,87.0
2020-05-02,25T,26.0,40.0
2020-05-03,24T,31.0,91.0
2020-05-03,25T,22.0,34.0
2020-05-04,24T,34.0,119.0
2020-05-04,25T,22.0,34.0
2020-05-05,24T,41.0,115.0
2020-05-05,25T,31.0,42.0
2020-05-06,24T,28.0,75.0
2020-05-06,25T,24.0,35.0
2020-05-07,24T,,77.0
2020-05-07,25T,19.0,29.0
2020-05-08,24T,30.0,95.0
2020-05-08,25T,23.0,34.0
2020-05-09,24T,19.0,63.0
2020-05-09,25T,15.0,26.0
2020-05-10,24T,14.0,71.0
2020-05-10,25T,14.0,30.0
2020-05-11,24T,17.0,93.0
2020-05-11,25T,14.0,26.0
2020-05-12,24T,24.0,135.0
2020-05-12,25T,17.0,43.0
2020-05-13,24T,30.0,123.0
2020-05-13,25T,22.0,41.0
2020-05-14,24T,24.0,109.0
2020-05-14,25T,19.0,34.0
2020-05-15,24T,27.0,102.0
2020-05-15,25T,20.0,37.0
2020-05-16,24T,23.0,88.0
2020-05-16,25T,19.0,36.0
2020-05-17,24T,22.0,78.0
2020-05-17,25T,19.0,36.0
2020-05-18,24T,23.0,81.0
2020-05-18,25T,15.0,31.0
2020-05-19,24T,21.0,78.0
2020-05-19,25T,15.0,32.0
2020-05-20,24T,17.0,67.0
2020-05-20,25T,14.0,33.0
2020-05-21,24T,22.0,73.0
2020-05-21,25T,19.0,44.0
2020-05-22,24T,33.0,91.0
2020-05-22,25T,27.0,56.0
2020-05-23,24T,34.0,100.0
2020-05-23,25T,28.0,56.0
2020-05-24,24T,23.0,75.0
2020-05-24,25T,21.0,42.0
2020-05-25,24T,19.0,70.0
2020-05-25,25T,18.0,37.0
2020-05-26,24T,20.0,65.0
2020-05-26,25T,20.0,37.0
2020-05-27,24T,18.0,79.0
2020-05-27,25T,15.0,33.0
2020-05-28,24T,12.0,52.0
2020-05-28,25T,12.0,27.0
2020-05-29,24T,19.0,73.0
2020-05-29,25T,12.0,26.0
2020-05-30,24T,13.0,66.0
2020-05-30,25T,9.0,21.0
2020-05-31,24T,12.0,43.0
2020-05-31,25T,12.0,24.0
2020-06-01,24T,21.0,92.0
2020-06-01,25T,13.0,27.0
2020-06-02,24T,14.0,63.0
2020-06-02,25T,12.0,26.0
2020-06-03,24T,11.0,56.0
2020-06-03,25T,8.0,23.0
2020-06-04,24T,13.0,61.0
2020-06-04,25T,9.0,21.0
2020-06-05,24T,12.0,50.0
2020-06-05,25T,9.0,21.0
2020-06-06,24T,,
2020-06-06,25T,9.0,24.0
2020-06-07,24T,14.0,86.0
2020-06-07,25T,10.0,22.0
2020-06-08,24T,14.0,66.0
2020-06-08,25T,8.0,24.0
2020-06-09,24T,15.0,59.0
2020-06-09,25T,9.0,22.0
2020-06-10,24T,18.0,75.0
2020-06-10,25T,12.0,27.0
2020-06-11,24T,20.0,81.0
2020-06-11,25T,10.0,29.0
2020-06-12,24T,15.0,54.0
2020-06-12,25T,14.0,33.0
2020-06-13,24T,21.0,77.0
2020-06-13,25T,14.0,38.0
2020-06-14,24T,,79.0
2020-06-14,25T,16.0,32.0
2020-06-15,24T,,54.0
2020-06-15,25T,9.0,20.0
2020-06-16,24T,,61.0
2020-06-16,25T,10.0,24.0
2020-06-17,24T,,64.0
2020-06-17,25T,8.0,18.0
2020-06-18,24T,,113.0
2020-06-18,25T,13.0,30.0
2020-06-19,24T,23.0,129.0
2020-06-19,25T,12.0,26.0
2020-06-20,24T,24.0,128.0
2020-06-20,25T,12.0,30.0
2020-06-21,24T,18.0,73.0
2020-06-21,25T,14.0,32.0
2020-06-22,24T,,66.0
2020-06-22,25T,14.0,30.0
2020-06-23,24T,21.0,69.0
2020-06-23,25T,10.0,25.0
2020-06-24,24T,18.0,77.0
2020-06-24,25T,15.0,32.0
2020-06-25,24T,15.0,68.0
2020-06-25,25T,14.0,31.0
2020-06-26,24T,23.0,117.0
2020-06-26,25T,13.0,27.0
2020-06-27,24T,15.0,75.0
2020-06-27,25T,,29.0
2020-06-28,24T,16.0,69.0
2020-06-28,25T,12.0,24.0
2020-06-29,24T,11.0,54.0
2020-06-29,25T,10.0,22.0
2020-06-30,24T,8.0,39.0
2020-06-30,25T,11.0,24.0
2020-07-01,24T,7.0,44.0
2020-07-01,25T,12.0,30.0
2020-07-02,24T,6.0,42.0
2020-07-02,25T,13.0,26.0
2020-07-03,24T,12.0,44.0
2020-07-03,25T,12.0,28.0
2020-07-04,24T,12.0,45.0
2020-07-04,25T,14.0,30.0
2020-07-05,24T,16.0,53.0
2020-07-05,25T,15.0,32.0
2020-07-06,24T,15.0,68.0
2020-07-06,25T,12.0,24.0
2020-07-07,24T,25.0,105.0
2020-07-07,25T,13.0,26.0
2020-07-08,24T,22.0,95.0
2020-07-08,25T,12.0,26.0
2020-07-09,24T,19.0,76.0
2020-07-09,25T,12.0,28.0
2020-07-10,24T,17.0,56.0
2020-07-10,25T,16.0,29.0
2020-07-11,24T,22.0,98.0
2020-07-11,25T,15.0,33.0
2020-07-12,24T,19.0,68.0
2020-07-12,25T,17.0,35.0
2020-07-13,24T,12.0,54.0
2020-07-13,25T,12.0,24.0
2020-07-14,24T,15.0,81.0
2020-07-14,25T,10.0,22.0
2020-07-15,24T,21.0,83.0
2020-07-15,25T,15.0,29.0
2020-07-16,24T,18.0,63.0
2020-07-16,25T,11.0,24.0
2020-07-17,24T,14.0,52.0
2020-07-17,25T,12.0,26.0
2020-07-18,24T,24.0,86.0
2020-07-18,25T,15.0,30.0
2020-07-19,24T,18.0,53.0
2020-07-19,25T,15.0,30.0
2020-07-20,24T,22.0,85.0
2020-07-20,25T,16.0,33.0
2020-07-21,24T,24.0,88.0
2020-07-21,25T,15.0,31.0
2020-07-22,24T,20.0,78.0
2020-07-22,25T,16.0,33.0
2020-07-23,24T,20.0,69.0
2020-07-23,25T,12.0,26.0
2020-07-24,24T,23.0,82.0
2020-07-24,25T,15.0,29.0
2020-07-25,24T,23.0,87.0
2020-07-25,25T,13.0,26.0
2020-07-26,24T,18.0,57.0
2020-07-26,25T,13.0,23.0
2020-07-27,24T,16.0,47.0
2020-07-27,25T,13.0,27.0
2020-07-28,24T,11.0,34.0
2020-07-28,25T,12.0,23.0
2020-07-29,24T,16.0,60.0
2020-07-29,25T,10.0,23.0
2020-07-30,24T,16.0,60.0
2020-07-30,25T,12.0,29.0
2020-07-31,24T,17.0,45.0
2020-07-31,25T,16.0,36.0
2020-08-01,24T,9.0,32.0
2020-08-01,25T,13.0,30.0
2020-08-02,24T,8.0,28.0
2020-08-02,25T,12.0,28.0
2020-08-03,24T,8.0,23.0
2020-08-03,25T,10.0,24.0
2020-08-04,24T,10.0,34.0
2020-08-04,25T,10.0,21.0
2020-08-05,24T,8.0,31.0
2020-08-05,25T,9.0,24.0
2020-08-06,24T,19.0,56.0
2020-08-06,25T,15.0,33.0
2020-08-07,24T,19.0,76.0
2020-08-07,25T,15.0,28.0
2020-08-08,24T,15.0,43.0
2020-08-08,25T,13.0,29.0
2020-08-09,24T,12.0,35.0
2020-08-09,25T,10.0,24.0
2020-08-10,24T,12.0,36.0
2020-08-10,25T,11.0,26.0
2020-08-11,24T,18.0,60.0
2020-08-11,25T,16.0,38.0
2020-08-12,24T,12.0,40.0
2020-08-12,25T,12.0,26.0
2020-08-13,24T,11.0,33.0
2020-08-13,25T,11.0,23.0
2020-08-14,24T,15.0,48.0
2020-08-14,25T,12.0,23.0
2020-08-15,24T,20.0,44.0
2020-08-15,25T,17.0,34.0
2020-08-16,24T,17.0,51.0
2020-08-16,25T,15.0,35.0
2020-08-17,24T,21.0,64.0
2020-08-17,25T,20.0,40.0
2020-08-18,24T,25.0,80.0
2020-08-18,25T,19.0,41.0
2020-08-19,24T,25.0,89.0
2020-08-19,25T,22.0,49.0
2020-08-20,24T,32.0,100.0
2020-08-20,25T,23.0,45.0
2020-08-21,24T,26.0,80.0
2020-08-21,25T,25.0,49.0
2020-08-22,24T,15.0,55.0
2020-08-22,25T,13.0,28.0
2020-08-23,24T,11.0,39.0
2020-08-23,25T,12.0,25.0
2020-08-24,24T,24.0,74.0
2020-08-24,25T,18.0,40.0
2020-08-25,24T,32.0,93.0
2020-08-25,25T,25.0,51.0
2020-08-26,24T,31.0,94.0
2020-08-26,25T,22.0,47.0
2020-08-27,24T,19.0,51.0
2020-08-27,25T,21.0,44.0
2020-08-28,24T,21.0,82.0
2020-08-28,25T,17.0,37.0
2020-08-29,24T,22.0,88.0
2020-08-29,25T,15.0,30.0
2020-08-30,24T,24.0,82.0
2020-08-30,25T,17.0,29.0
2020-08-31,24T,23.0,90.0
2020-08-31,25T,16.0,29.0
2020-09-01,24T,13.0,48.0
2020-09-01,25T,13.0,29.0
2020-09-02,24T,23.0,86.0
2020-09-02,25T,20.0,42.0
2020-09-03,24T,34.0,98.0
2020-09-03,25T,16.0,40.0
2020-09-04,24T,30.0,98.0
2020-09-04,25T,21.0,39.0
2020-09-05,24T,22.0,66.0
2020-09-05,25T,18.0,32.0
2020-09-06,24T,14.0,37.0
2020-09-06,25T,10.0,25.0
2020-09-07,24T,10.0,38.0
2020-09-07,25T,10.0,23.0
2020-09-08,24T,15.0,44.0
2020-09-08,25T,11.0,25.0
2020-09-09,24T,20.0,74.0
2020-09-09,25T,14.0,31.0
2020-09-10,24T,22.0,67.0
2020-09-10,25T,18.0,35.0
2020-09-11,24T,25.0,86.0
2020-09-11,25T,16.0,27.0
2020-09-12,24T,22.0,83.0
2020-09-12,25T,14.0,28.0
2020-09-13,24T,19.0,65.0
2020-09-13,25T,15.0,31.0
2020-09-14,24T,26.0,90.0
2020-09-14,25T,18.0,32.0
2020-09-15,24T,23.0,83.0
2020-09-15,25T,14.0,26.0
2020-09-16,24T,23.0,82.0
2020-09-16,25T,13.0,29.0
2020-09-17,24T,28.0,90.0
2020-09-17,25T,18.0,37.0
2020-09-18,24T,21.0,66.0
2020-09-18,25T,19.0,38.0
2020-09-19,24T,6.0,24.0
2020-09-19,25T,9.0,18.0
2020-09-20,24T,8.0,40.0
2020-09-20,25T,8.0,18.0
2020-09-21,24T,17.0,66.0
2020-09-21,25T,15.0,29.0
2020-09-22,24T,21.0,97.0
2020-09-22,25T,17.0,37.0
2020-09-23,24T,25.0,98.0
2020-09-23,25T,18.0,37.0
2020-09-24,24T,19.0,64.0
2020-09-24,25T,13.0,28.0
2020-09-25,24T,14.0,54.0
2020-09-25,25T,13.0,33.0
2020-09-26,24T,18.0,62.0
2020-09-26,25T,17.0,37.0
2020-09-27,24T,22.0,72.0
2020-09-27,25T,14.0,35.0
2020-09-28,24T,15.0,53.0
2020-09-28,25T,13.0,24.0
2020-09-29,24T,12.0,48.0
2020-09-29,25T,11.0,21.0
2020-09-30,24T,11.0,45.0
2020-09-30,25T,11.0,26.0
2020-10-01,24T,18.0,60.0
2020-10-01,25T,15.0,33.0
2020-10-02,24T,23.0,96.0
2020-10-02,25T,12.0,29.0
2020-10-03,24T,16.0,68.0
2020-10-03,25T,10.0,26.0
2020-10-04,24T,16.0,53.0
2020-10-04,25T,13.0,28.0
2020-10-05,24T,23.0,88.0
2020-10-05,25T,16.0,35.0
2020-10-06,24T,26.0,107.0
2020-10-06,25T,17.0,44.0
2020-10-07,24T,28.0,116.0
2020-10-07,25T,16.0,44.0
2020-10-08,24T,13.0,39.0
2020-10-08,25T,13.0,25.0
2020-10-09,24T,10.0,48.0
2020-10-09,25T,11.0,31.0
2020-10-10,24T,13.0,48.0
2020-10-10,25T,13.0,32.0
2020-10-11,24T,21.0,86.0
2020-10-11,25T,16.0,46.0
2020-10-12,24T,27.0,105.0
2020-10-12,25T,22.0,53.0
2020-10-13,24T,21.0,69.0
2020-10-13,25T,18.0,38.0
2020-10-14,24T,27.0,99.0
2020-10-14,25T,17.0,39.0
2020-10-15,24T,33.0,121.0
2020-10-15,25T,18.0,43.0
2020-10-16,24T,22.0,74.0
2020-10-16,25T,14.0,37.0
2020-10-17,24T,9.0,26.0
2020-10-17,25T,10.0,21.0
2020-10-18,24T,8.0,48.0
2020-10-18,25T,9.0,29.0
2020-10-19,24T,13.0,72.0
2020-10-19,25T,10.0,31.0
2020-10-20,24T,14.0,78.0
2020-10-20,25T,12.0,37.0
2020-10-21,24T,17.0,76.0
2020-10-21,25T,13.0,37.0
2020-10-22,24T,22.0,101.0
2020-10-22,25T,14.0,47.0
2020-10-23,24T,32.0,125.0
2020-10-23,25T,23.0,61.0
2020-10-24,24T,34.0,129.0
2020-10-24,25T,32.0,80.0
2020-10-25,24T,37.0,131.0
2020-10-25,25T,30.0,77.0
2020-10-26,24T,40.0,145.0
2020-10-26,25T,34.0,81.0
2020-10-27,24T,25.0,92.0
2020-10-27,25T,20.0,56.0
2020-10-28,24T,31.0,118.0
2020-10-28,25T,24.0,54.0
2020-10-29,24T,19.0,63.0
2020-10-29,25T,20.0,41.0
2020-10-30,24T,20.0,
2020-10-30,25T,12.0,38.0
2020-10-31,24T,21.0,
2020-10-31,25T,17.0,47.0
2020-11-01,24T,16.0,71.0
2020-11-01,25T,17.0,39.0
2020-11-02,24T,22.0,109.0
2020-11-02,25T,16.0,50.0
2020-11-03,24T,30.0,103.0
2020-11-03,25T,24.0,62.0
2020-11-04,24T,25.0,104.0
2020-11-04,25T,22.0,53.0
2020-11-05,24T,32.0,116.0
2020-11-05,25T,19.0,53.0
2020-11-06,24T,34.0,117.0
2020-11-06,25T,25.0,59.0
2020-11-07,24T,36.0,99.0
2020-11-07,25T,27.0,61.0
2020-11-08,24T,37.0,85.0
2020-11-08,25T,35.0,69.0
2020-11-09,24T,35.0,97.0
2020-11-09,25T,32.0,68.0
2020-11-10,24T,36.0,117.0
2020-11-10,25T,32.0,82.0
2020-11-11,24T,37.0,99.0
2020-11-11,25T,30.0,60.0
2020-11-12,24T,28.0,81.0
2020-11-12,25T,23.0,55.0
2020-11-13,24T,49.0,120.0
2020-11-13,25T,36.0,80.0
2020-11-14,24T,68.0,150.0
2020-11-14,25T,36.0,84.0
2020-11-15,24T,41.0,124.0
2020-11-15,25T,31.0,75.0
2020-11-16,24T,29.0,97.0
2020-11-16,25T,21.0,50.0
2020-11-17,24T,34.0,119.0
2020-11-17,25T,22.0,64.0
2020-11-18,24T,37.0,136.0
2020-11-18,25T,19.0,57.0
2020-11-19,24T,39.0,151.0
2020-11-19,25T,25.0,67.0
2020-11-20,24T,55.0,167.0
2020-11-20,25T,27.0,73.0
2020-11-21,24T,46.0,132.0
2020-11-21,25T,26.0,67.0
2020-11-22,24T,31.0,81.0
2020-11-22,25T,23.0,53.0
2020-11-23,24T,29.0,102.0
2020-11-23,25T,17.0,58.0
2020-11-24,24T,28.0,110.0
2020-11-24,25T,17.0,54.0
2020-11-25,24T,27.0,102.0
2020-11-25,25T,19.0,59.0
2020-11-26,24T,29.0,113.0
2020-11-26,25T,16.0,50.0
2020-11-27,24T,20.0,93.0
2020-11-27,25T,15.0,49.0
2020-11-28,24T,24.0,93.0
2020-11-28,25T,19.0,62.0
2020-11-29,24T,18.0,74.0
2020-11-29,25T,15.0,44.0
2020-11-30,24T,19.0,77.0
2020-11-30,25T,16.0,47.0
2020-12-01,24T,21.0,74.0
2020-12-01,25T,17.0,51.0
2020-12-02,24T,19.0,72.0
2020-12-02,25T,14.0,43.0
2020-12-03,24T,22.0,80.0
2020-12-03,25T,18.0,51.0
2020-12-04,24T,26.0,81.0
2020-12-04,25T,22.0,57.0
2020-12-05,24T,21.0,72.0
2020-12-05,25T,18.0,57.0
2020-12-06,24T,24.0,74.0
2020-12-06,25T,18.0,56.0
2020-12-07,24T,32.0,103.0
2020-12-07,25T,26.0,74.0
2020-12-08,24T,31.0,88.0
2020-12-08,25T,23.0,65.0
2020-12-09,24T,34.0,97.0
2020-12-09,25T,28.0,68.0
2020-12-10,24T,42.0,127.0
2020-12-10,25T,33.0,80.0
2020-12-11,24T,42.0,120.0
2020-12-11,25T,29.0,72.0
2020-12-12,24T,,133.0
2020-12-12,25T,33.0,75.0
2020-12-13,24T,42.0,123.0
2020-12-13,25T,27.0,72.0
2020-12-14,24T,70.0,216.0
2020-12-14,25T,41.0,94.0
2020-12-15,24T,40.0,144.0
2020-12-15,25T,22.0,69.0
2020-12-16,24T,25.0,89.0
2020-12-16,25T,18.0,59.0
2020-12-17,24T,21.0,89.0
2020-12-17,25T,13.0,59.0
2020-12-18,24T,25.0,101.0
2020-12-18,25T,21.0,64.0
2020-12-19,24T,20.0,96.0
2020-12-19,25T,35.0,59.0
2020-12-20,24T,20.0,88.0
2020-12-20,25T,39.0,64.0
2020-12-21,24T,28.0,97.0
2020-12-21,25T,42.0,68.0
2020-12-22,24T,33.0,105.0
2020-12-22,25T,42.0,68.0
2020-12-23,24T,42.0,107.0
2020-12-23,25T,46.0,73.0
2020-12-24,24T,,103.0
2020-12-24,25T,40.0,65.0
2020-12-25,24T,28.0,94.0
2020-12-25,25T,42.0,68.0
2020-12-26,24T,35.0,106.0
2020-12-26,25T,41.0,67.0
2020-12-27,24T,45.0,112.0
2020-12-27,25T,33.0,55.0
2020-12-28,24T,59.0,126.0
2020-12-28,25T,42.0,69.0
2020-12-29,24T,52.0,117.0
2020-12-29,25T,50.0,80.0
2020-12-30,24T,31.0,85.0
2020-12-30,25T,60.0,94.0
2020-12-31,24T,18.0,78.0
2020-12-31,25T,43.0,69.0
2021-01-01,24T,18.0,45.0
2021-01-01,25T,36.0,60.0
2021-01-02,24T,22.0,42.0
2021-01-02,25T,37.0,62.0
2021-01-03,24T,28.0,56.0
2021-01-03,25T,50.0,80.0
2021-01-04,24T,24.0,77.0
2021-01-04,25T,41.0,66.0
2021-01-05,24T,29.0,92.0
2021-01-05,25T,42.0,68.0
2021-01-06,24T,30.0,94.0
2021-01-06,25T,43.0,70.0
2021-01-07,24T,34.0,100.0
2021-01-07,25T,53.0,84.0
2021-01-08,24T,26.0,93.0
2021-01-08,25T,45.0,73.0
2021-01-09,24T,17.0,78.0
2021-01-09,25T,39.0,64.0
2021-01-10,24T,22.0,76.0
2021-01-10,25T,47.0,75.0
2021-01-11,24T,23.0,84.0
2021-01-11,25T,43.0,70.0
2021-01-12,24T,34.0,162.0
2021-01-12,25T,74.0,112.0
2021-01-13,24T,54.0,137.0
2021-01-13,25T,69.0,106.0
2021-01-14,24T,74.0,172.0
2021-01-14,25T,87.0,130.0
2021-01-15,24T,78.0,192.0
2021-01-15,25T,82.0,123.0
2021-01-16,24T,83.0,198.0
2021-01-16,25T,79.0,120.0
2021-01-17,24T,66.0,167.0
2021-01-17,25T,72.0,110.0
2021-01-18,24T,33.0,115.0
2021-01-18,25T,54.0,85.0
2021-01-19,24T,42.0,111.0
2021-01-19,25T,65.0,100.0
2021-01-20,24T,53.0,160.0
2021-01-20,25T,73.0,112.0
2021-01-21,24T,73.0,196.0
2021-01-21,25T,89.0,133.0
2021-01-22,24T,101.0,230.0
2021-01-22,25T,82.0,124.0
2021-01-23,24T,82.0,176.0
2021-01-23,25T,85.0,128.0
2021-01-24,24T,66.0,132.0
2021-01-24,25T,63.0,97.0
2021-01-25,24T,60.0,146.0
2021-01-25,25T,50.0,79.0
2021-01-26,24T,74.0,192.0
2021-01-26,25T,76.0,115.0
2021-01-27,24T,60.0,156.0
2021-01-27,25T,75.0,114.0
2021-01-28,24T,58.0,163.0
2021-01-28,25T,61.0,95.0
2021-01-29,24T,34.0,105.0
2021-01-29,25T,54.0,85.0
2021-01-30,24T,40.0,102.0
2021-01-30,25T,65.0,100.0
2021-01-31,24T,50.0,113.0
2021-01-31,25T,66.0,102.0
2021-02-01,24T,58.0,172.0
2021-02-01,25T,64.0,123.0
2021-02-02,24T,63.0,207.0
2021-02-02,25T,43.0,106.0
2021-02-03,24T,57.0,200.0
2021-02-03,25T,44.0,107.0
2021-02-04,24T,42.0,149.0
2021-02-04,25T,40.0,98.0
2021-02-05,24T,39.0,152.0
2021-02-05,25T,34.0,99.0
2021-02-06,24T,50.0,163.0
2021-02-06,25T,43.0,102.0
2021-02-07,24T,59.0,171.0
2021-02-07,25T,50.0,111.0
2021-02-08,24T,71.0,177.0
2021-02-08,25T,43.0,97.0
2021-02-09,24T,49.0,150.0
2021-02-09,25T,35.0,78.0
2021-02-10,24T,22.0,98.0
2021-02-10,25T,11.0,53.0
2021-02-11,24T,31.0,126.0
2021-02-11,25T,22.0,77.0
2021-02-12,24T,44.0,176.0
2021-02-12,25T,38.0,97.0
2021-02-13,24T,60.0,198.0
2021-02-13,25T,49.0,105.0
2021-02-14,24T,53.0,141.0
2021-02-14,25T,39.0,83.0
2021-02-15,24T,54.0,155.0
2021-02-15,25T,32.0,72.0
2021-02-16,24T,42.0,123.0
2021-02-16,25T,31.0,71.0
2021-02-17,24T,51.0,157.0
2021-02-17,25T,36.0,79.0
2021-02-18,24T,38.0,146.0
2021-02-18,25T,33.0,77.0
2021-02-19,24T,33.0,123.0
2021-02-19,25T,30.0,76.0
2021-02-20,24T,36.0,131.0
2021-02-20,25T,35.0,87.0
2021-02-21,24T,49.0,165.0
2021-02-21,25T,55.0,109.0
2021-02-22,24T,,200.0
2021-02-22,25T,61.0,115.0
2021-02-23,24T,51.0,142.0
2021-02-23,25T,40.0,89.0
2021-02-24,24T,56.0,143.0
2021-02-24,25T,47.0,93.0
2021-02-25,24T,53.0,139.0
2021-02-25,25T,44.0,85.0
2021-02-26,24T,62.0,161.0
2021-02-26,25T,47.0,92.0
2021-02-27,24T,56.0,140.0
2021-02-27,25T,47.0,87.0
2021-02-28,24T,,134.0
2021-02-28,25T,49.0,92.0
2021-03-01,24T,41.0,108.0
2021-03-01,25T,31.0,63.0
2021-03-02,24T,27.0,70.0
2021-03-02,25T,26.0,50.0
2021-03-03,24T,22.0,91.0
2021-03-03,25T,14.0,27.0
2021-03-04,24T,35.0,127.0
2021-03-04,25T,17.0,39.0
2021-03-05,24T,31.0,111.0
2021-03-05,25T,17.0,40.0
2021-03-06,24T,31.0,89.0
2021-03-06,25T,18.0,44.0
2021-03-07,24T,27.0,77.0
2021-03-07,25T,25.0,49.0
2021-03-08,24T,38.0,118.0
2021-03-08,25T,26.0,51.0
2021-03-09,24T,47.0,129.0
2021-03-09,25T,28.0,53.0
2021-03-10,24T,54.0,151.0
2021-03-10,25T,31.0,59.0
2021-03-11,24T,57.0,191.0
2021-03-11,25T,41.0,71.0
2021-03-12,24T,62.0,183.0
2021-03-12,25T,42.0,76.0
2021-03-13,24T,55.0,144.0
2021-03-13,25T,37.0,63.0
2021-03-14,24T,51.0,159.0
2021-03-14,25T,33.0,57.0
2021-03-15,24T,45.0,135.0
2021-03-15,25T,33.0,56.0
2021-03-16,24T,41.0,106.0
2021-03-16,25T,30.0,55.0
2021-03-17,24T,43.0,99.0
2021-03-17,25T,35.0,62.0
2021-03-18,24T,51.0,125.0
2021-03-18,25T,40.0,71.0
2021-03-19,24T,47.0,106.0
2021-03-19,25T,45.0,75.0
2021-03-20,24T,40.0,92.0
2021-03-20,25T,36.0,61.0
2021-03-21,24T,38.0,91.0
2021-03-21,25T,35.0,60.0
2021-03-22,24T,24.0,90.0
2021-03-22,25T,27.0,55.0
2021-03-23,24T,24.0,100.0
2021-03-23,25T,24.0,64.0
2021-03-24,24T,53.0,148.0
2021-03-24,25T,36.0,77.0
2021-03-25,24T,59.0,164.0
2021-03-25,25T,49.0,81.0
2021-03-26,24T,35.0,90.0
2021-03-26,25T,29.0,50.0
2021-03-27,24T,29.0,87.0
2021-03-27,25T,21.0,50.0
2021-03-28,24T,21.0,65.0
2021-03-28,25T,22.0,44.0
2021-03-29,24T,23.0,65.0
2021-03-29,25T,20.0,39.0
2021-03-30,24T,36.0,92.0
2021-03-30,25T,33.0,65.0
2021-03-31,24T,35.0,81.0
2021-03-31,25T,33.0,55.0
2021-04-01,24T,25.0,68.0
2021-04-01,25T,23.0,42.0
2021-04-02,24T,18.0,59.0
2021-04-02,25T,11.0,28.0
2021-04-03,24T,23.0,75.0
2021-04-03,25T,18.0,37.0
2021-04-04,24T,21.0,89.0
2021-04-04,25T,13.0,31.0
2021-04-05,24T,27.0,115.0
2021-04-05,25T,20.0,44.0
2021-04-06,24T,43.0,202.0
2021-04-06,25T,24.0,59.0
2021-04-07,24T,34.0,130.0
2021-04-07,25T,22.0,47.0
2021-04-08,24T,39.0,133.0
2021-04-08,25T,29.0,46.0
2021-04-09,24T,38.0,143.0
2021-04-09,25T,26.0,42.0
2021-04-10,24T,47.0,167.0
2021-04-10,25T,35.0,63.0
2021-04-11,24T,43.0,125.0
2021-04-11,25T,32.0,53.0
2021-04-12,24T,29.0,88.0
2021-04-12,25T,26.0,48.0
2021-04-13,24T,21.0,50.0
2021-04-13,25T,19.0,32.0
2021-04-14,24T,19.0,55.0
2021-04-14,25T,18.0,36.0
2021-04-15,24T,22.0,70.0
2021-04-15,25T,19.0,39.0
2021-04-16,24T,24.0,67.0
2021-04-16,25T,19.0,29.0
2021-04-17,24T,27.0,82.0
2021-04-17,25T,18.0,28.0
2021-04-18,24T,27.0,103.0
2021-04-18,25T,23.0,39.0
2021-04-19,24T,19.0,62.0
2021-04-19,25T,11.0,20.0
2021-04-20,24T,32.0,143.0
2021-04-20,25T,12.0,21.0
2021-04-21,24T,32.0,134.0
2021-04-21,25T,16.0,31.0
2021-04-22,24T,36.0,111.0
2021-04-22,25T,23.0,37.0
2021-04-23,24T,31.0,90.0
2021-04-23,25T,24.0,38.0
2021-04-24,24T,26.0,73.0
2021-04-24,25T,23.0,38.0
2021-04-25,24T,26.0,94.0
2021-04-25,25T,21.0,36.0
2021-04-26,24T,27.0,105.0
2021-04-26,25T,18.0,32.0
2021-04-27,24T,31.0,179.0
2021-04-27,25T,17.0,37.0
2021-04-28,24T,26.0,126.0
2021-04-28,25T,16.0,39.0
2021-04-29,24T,18.0,90.0
2021-04-29,25T,13.0,30.0
2021-04-30,24T,20.0,116.0
2021-04-30,25T,14.0,42.0
2021-05-01,24T,20.0,77.0
2021-05-01,25T,17.0,42.0
2021-05-02,24T,27.0,104.0
2021-05-02,25T,20.0,39.0
2021-05-03,24T,33.0,165.0
2021-05-03,25T,20.0,40.0
2021-05-04,24T,35.0,152.0
2021-05-04,25T,25.0,44.0
2021-05-05,24T,30.0,161.0
2021-05-05,25T,16.0,50.0
2021-05-06,24T,31.0,134.0
2021-05-06,25T,15.0,36.0
2021-05-07,24T,26.0,138.0
2021-05-07,25T,14.0,29.0
2021-05-08,24T,30.0,167.0
2021-05-08,25T,22.0,50.0
2021-05-09,24T,22.0,90.0
2021-05-09,25T,19.0,43.0
2021-05-10,24T,29.0,94.0
2021-05-10,25T,22.0,37.0
2021-05-11,24T,25.0,87.0
2021-05-11,25T,17.0,30.0
2021-05-12,24T,24.0,75.0
2021-05-12,25T,16.0,28.0
2021-05-13,24T,28.0,118.0
2021-05-13,25T,16.0,27.0
2021-05-14,24T,25.0,104.0
2021-05-14,25T,14.0,25.0
2021-05-15,24T,20.0,80.0
2021-05-15,25T,15.0,28.0
2021-05-16,24T,25.0,85.0
2021-05-16,25T,15.0,26.0
2021-05-17,24T,31.0,102.0
2021-05-17,25T,18.0,31.0
2021-05-18,24T,20.0,74.0
2021-05-18,25T,12.0,25.0
2021-05-19,24T,19.0,64.0
2021-05-19,25T,14.0,28.0
2021-05-20,24T,20.0,63.0
2021-05-20,25T,14.0,28.0
2021-05-21,24T,16.0,55.0
2021-05-21,25T,12.0,28.0
2021-05-22,24T,8.0,37.0
2021-05-22,25T,10.0,26.0
2021-05-23,24T,14.0,53.0
2021-05-23,25T,9.0,24.0
2021-05-24,24T,14.0,56.0
2021-05-24,25T,10.0,27.0
2021-05-25,24T,22.0,102.0
2021-05-25,25T,13.0,30.0
2021-05-26,24T,19.0,71.0
2021-05-26,25T,12.0,26.0
2021-05-27,24T,19.0,61.0
2021-05-27,25T,16.0,31.0
2021-05-28,24T,21.0,102.0
2021-05-28,25T,10.0,20.0
2021-05-29,24T,13.0,55.0
2021-05-29,25T,8.0,18.0
2021-05-30,24T,12.0,38.0
2021-05-30,25T,9.0,20.0
2021-05-31,24T,15.0,
2021-05-31,25T,11.0,23.0
2021-06-01,24T,18.0,56.0
2021-06-01,25T,15.0,28.0
2021-06-02,24T,21.0,69.0
2021-06-02,25T,13.0,28.0
2021-06-03,24T,16.0,52.0
2021-06-03,25T,13.0,27.0
2021-06-04,24T,16.0,51.0
2021-06-04,25T,15.0,30.0
2021-06-05,24T,17.0,49.0
2021-06-05,25T,16.0,32.0
2021-06-06,24T,13.0,
2021-06-06,25T,10.0,24.0
2021-06-07,24T,10.0,53.0
2021-06-07,25T,8.0,21.0
2021-06-08,24T,9.0,37.0
2021-06-08,25T,9.0,20.0
2021-06-09,24T,12.0,62.0
2021-06-09,25T,8.0,17.0
2021-06-10,24T,10.0,49.0
2021-06-10,25T,6.0,20.0
2021-06-11,24T,14.0,60.0
2021-06-11,25T,12.0,25.0
2021-06-12,24T,13.0,63.0
2021-06-12,25T,11.0,29.0
2021-06-13,24T,17.0,86.0
2021-06-13,25T,14.0,28.0
2021-06-14,24T,14.0,55.0
2021-06-14,25T,12.0,28.0
2021-06-15,24T,17.0,61.0
2021-06-15,25T,14.0,28.0
2021-06-16,24T,13.0,63.0
2021-06-16,25T,10.0,17.0
2021-06-17,24T,12.0,45.0
2021-06-17,25T,10.0,22.0
2021-06-18,24T,15.0,62.0
2021-06-18,25T,14.0,28.0
2021-06-19,24T,17.0,58.0
2021-06-19,25T,14.0,31.0
2021-06-20,24T,16.0,57.0
2021-06-20,25T,12.0,28.0
2021-06-21,24T,27.0,90.0
2021-06-21,25T,20.0,57.0
2021-06-22,24T,26.0,80.0
2021-06-22,25T,23.0,61.0
2021-06-23,24T,19.0,64.0
2021-06-23,25T,18.0,39.0
2021-06-24,24T,16.0,64.0
2021-06-24,25T,12.0,28.0
2021-06-25,24T,19.0,61.0
2021-06-25,25T,15.0,38.0
2021-06-26,24T,18.0,65.0
2021-06-26,25T,13.0,27.0
2021-06-27,24T,15.0,52.0
2021-06-27,25T,11.0,26.0
2021-06-28,24T,14.0,76.0
2021-06-28,25T,7.0,18.0
2021-06-30,24T,16.0,59.0
2021-06-30,25T,9.0,24.0
2021-07-01,24T,13.0,45.0
2021-07-01,25T,10.0,20.0
2021-07-02,24T,14.0,65.0
2021-07-02,25T,6.0,17.0
2021-07-03,24T,16.0,65.0
2021-07-03,25T,12.0,25.0
2021-07-04,24T,26.0,84.0
2021-07-04,25T,16.0,29.0
2021-07-05,24T,20.0,81.0
2021-07-05,25T,14.0,29.0
2021-07-06,24T,17.0,50.0
2021-07-06,25T,12.0,28.0
2021-07-07,24T,15.0,64.0
2021-07-07,25T,9.0,17.0
2021-07-08,24T,17.0,75.0
2021-07-08,25T,8.0,17.0
2021-07-09,24T,18.0,93.0
2021-07-09,25T,7.0,15.0
2021-07-10,24T,20.0,104.0
2021-07-10,25T,10.0,23.0
2021-07-11,24T,11.0,55.0
2021-07-11,25T,3.0,10.0
2021-07-12,24T,16.0,66.0
2021-07-12,25T,8.0,18.0
2021-07-13,24T,21.0,73.0
2021-07-13,25T,14.0,30.0
2021-07-14,24T,22.0,72.0
2021-07-14,25T,14.0,26.0
2021-07-15,24T,15.0,70.0
2021-07-15,25T,12.0,22.0
2021-07-16,24T,11.0,50.0
2021-07-16,25T,9.0,21.0
2021-07-17,24T,9.0,36.0
2021-07-17,25T,10.0,22.0
2021-07-18,24T,9.0,39.0
2021-07-18,25T,7.0,17.0
2021-07-19,24T,8.0,32.0
2021-07-19,25T,8.0,18.0
2021-07-20,24T,8.0,34.0
2021-07-20,25T,9.0,18.0
2021-07-21,24T,10.0,39.0
2021-07-21,25T,10.0,20.0
2021-07-22,24T,13.0,41.0
2021-07-22,25T,13.0,29.0
2021-07-23,24T,17.0,69.0
2021-07-23,25T,13.0,26.0
2021-07-24,24T,13.0,43.0
2021-07-24,25T,11.0,24.0
2021-07-25,24T,9.0,33.0
2021-07-25,25T,8.0,16.0
2021-07-26,24T,11.0,49.0
2021-07-26,25T,11.0,22.0
2021-07-27,24T,13.0,53.0
2021-07-27,25T,9.0,22.0
2021-07-28,24T,11.0,44.0
2021-07-28,25T,9.0,18.0
2021-07-29,24T,15.0,53.0
2021-07-29,25T,11.0,24.0
2021-07-30,24T,16.0,53.0
2021-07-30,25T,11.0,24.0
2021-07-31,24T,15.0,56.0
2021-07-31,25T,12.0,22.0
2021-08-01,24T,13.0,44.0
2021-08-01,25T,11.0,22.0
2021-08-02,24T,14.0,46.0
2021-08-02,25T,12.0,26.0
2021-08-03,24T,14.0,47.0
2021-08-03,25T,12.0,24.0
2021-08-04,24T,16.0,49.0
2021-08-04,25T,13.0,26.0
2021-08-05,24T,13.0,51.0
2021-08-05,25T,13.0,27.0
2021-08-06,24T,14.0,51.0
2021-08-06,25T,11.0,23.0
2021-08-07,24T,18.0,66.0
2021-08-07,25T,15.0,31.0
2021-08-08,24T,18.0,60.0
2021-08-08,25T,15.0,33.0
2021-08-09,24T,18.0,53.0
2021-08-09,25T,14.0,32.0
2021-08-10,24T,24.0,64.0
2021-08-10,25T,14.0,32.0
2021-08-11,24T,14.0,59.0
2021-08-11,25T,,
2021-08-12,24T,10.0,41.0
2021-08-12,25T,6.0,15.0
2021-08-13,24T,12.0,40.0
2021-08-13,25T,9.0,20.0
2021-08-14,24T,13.0,65.0
2021-08-14,25T,5.0,12.0
2021-08-15,24T,10.0,41.0
2021-08-15,25T,6.0,12.0
2021-08-16,24T,18.0,68.0
2021-08-16,25T,10.0,19.0
2021-08-17,24T,28.0,103.0
2021-08-17,25T,10.0,23.0
2021-08-18,24T,37.0,126.0
2021-08-18,25T,20.0,36.0
2021-08-19,24T,27.0,83.0
2021-08-19,25T,22.0,35.0
2021-08-20,24T,30.0,116.0
2021-08-20,25T,20.0,35.0
2021-08-21,24T,27.0,86.0
2021-08-21,25T,18.0,34.0
2021-08-22,24T,21.0,67.0
2021-08-22,25T,17.0,
2021-08-23,24T,21.0,65.0
2021-08-23,25T,15.0,
2021-08-24,24T,15.0,62.0
2021-08-24,25T,8.0,20.0
2021-08-25,24T,18.0,77.0
2021-08-25,25T,8.0,17.0
2021-08-26,24T,11.0,51.0
2021-08-26,25T,6.0,12.0
2021-08-27,24T,15.0,77.0
2021-08-27,25T,5.0,11.0
2021-08-28,24T,11.0,55.0
2021-08-28,25T,5.0,10.0
2021-08-29,24T,11.0,57.0
2021-08-29,25T,6.0,13.0
2021-08-30,24T,22.0,107.0
2021-08-30,25T,14.0,28.0
2021-08-31,24T,22.0,104.0
2021-08-31,25T,17.0,32.0
2021-09-01,24T,22.0,101.0
2021-09-01,25T,15.0,28.0
2021-09-02,24T,20.0,82.0
2021-09-02,25T,15.0,27.0
2021-09-03,24T,16.0,58.0
2021-09-03,25T,11.0,24.0
2021-09-04,24T,13.0,55.0
2021-09-04,25T,11.0,24.0
2021-09-05,24T,10.0,45.0
2021-09-05,25T,7.0,16.0
2021-09-06,24T,21.0,136.0
2021-09-06,25T,10.0,23.0
2021-09-07,24T,15.0,80.0
2021-09-07,25T,,23.0
2021-09-08,24T,16.0,71.0
2021-09-08,25T,,19.0
2021-09-09,24T,16.0,85.0
2021-09-09,25T,7.0,15.0
2021-09-10,24T,16.0,63.0
2021-09-10,25T,6.0,13.0
2021-09-11,24T,12.0,52.0
2021-09-11,25T,7.0,20.0
2021-09-12,24T,20.0,81.0
2021-09-12,25T,13.0,28.0
2021-09-13,24T,20.0,108.0
2021-09-13,25T,11.0,24.0
2021-09-14,24T,27.0,140.0
2021-09-14,25T,18.0,34.0
2021-09-15,24T,26.0,108.0
2021-09-15,25T,13.0,25.0
2021-09-16,24T,21.0,100.0
2021-09-16,25T,6.0,14.0
2021-09-17,24T,20.0,86.0
2021-09-17,25T,9.0,19.0
2021-09-18,24T,29.0,142.0
2021-09-18,25T,15.0,43.0
2021-09-19,24T,27.0,111.0
2021-09-19,25T,,40.0
2021-09-20,24T,24.0,103.0
2021-09-20,25T,,34.0
2021-09-21,24T,16.0,73.0
2021-09-21,25T,11.0,15.0
2021-09-22,24T,15.0,79.0
2021-09-22,25T,13.0,20.0
2021-09-23,24T,14.0,64.0
2021-09-23,25T,10.0,15.0
2021-09-24,24T,10.0,55.0
2021-09-24,25T,10.0,17.0
2021-09-25,24T,,31.0
2021-09-25,25T,10.0,14.0
2021-09-26,24T,,39.0
2021-09-26,25T,7.0,10.0
2021-09-27,24T,17.0,92.0
2021-09-27,25T,19.0,31.0
2021-09-28,24T,20.0,114.0
2021-09-28,25T,22.0,37.0
2021-09-29,24T,22.0,124.0
2021-09-29,25T,,35.0
2021-09-30,24T,22.0,96.0
2021-09-30,25T,,30.0
2021-10-01,24T,26.0,91.0
2021-10-01,25T,12.0,26.0
2021-10-02,24T,20.0,70.0
2021-10-02,25T,11.0,24.0
2021-10-03,24T,17.0,95.0
2021-10-03,25T,11.0,25.0
2021-10-04,24T,24.0,104.0
2021-10-04,25T,16.0,36.0
2021-10-05,24T,23.0,107.0
2021-10-05,25T,17.0,39.0
2021-10-06,24T,14.0,78.0
2021-10-06,25T,11.0,25.0
2021-10-07,24T,21.0,100.0
2021-10-07,25T,15.0,34.0
2021-10-08,24T,31.0,124.0
2021-10-08,25T,19.0,42.0
2021-10-09,24T,27.0,90.0
2021-10-09,25T,12.0,28.0
2021-10-10,24T,16.0,53.0
2021-10-10,25T,10.0,22.0
2021-10-11,24T,16.0,62.0
2021-10-11,25T,7.0,18.0
2021-10-12,24T,21.0,88.0
2021-10-12,25T,9.0,18.0
2021-10-13,24T,15.0,61.0
2021-10-13,25T,7.0,18.0
2021-10-14,24T,12.0,55.0
2021-10-14,25T,8.0,19.0
2021-10-15,24T,11.0,39.0
2021-10-15,25T,6.0,14.0
2021-10-16,24T,12.0,67.0
2021-10-16,25T,9.0,25.0
2021-10-17,24T,14.0,76.0
2021-10-17,25T,7.0,22.0
2021-10-18,24T,10.0,62.0
2021-10-18,25T,6.0,18.0
2021-10-19,24T,,120.0
2021-10-19,25T,13.0,36.0
2021-10-20,24T,,111.0
2021-10-20,25T,16.0,40.0
2021-10-21,24T,,111.0
2021-10-21,25T,14.0,31.0
2021-10-22,24T,,110.0
2021-10-22,25T,13.0,45.0
2021-10-23,24T,,63.0
2021-10-23,25T,9.0,28.0
2021-10-24,24T,,60.0
2021-10-24,25T,12.0,39.0
2021-10-25,24T,,70.0
2021-10-25,25T,14.0,40.0
2021-10-26,24T,33.0,100.0
2021-10-26,25T,18.0,44.0
2021-10-27,24T,36.0,109.0
2021-10-27,25T,22.0,47.0
2021-10-28,24T,37.0,117.0
2021-10-28,25T,19.0,35.0
2021-10-29,24T,29.0,103.0
2021-10-29,25T,12.0,26.0
2021-10-30,24T,30.0,110.0
2021-10-30,25T,13.0,35.0
2021-10-31,24T,31.0,128.0
2021-10-31,25T,13.0,38.0
2021-11-01,24T,39.0,127.0
2021-11-01,25T,15.0,38.0
2021-11-02,24T,36.0,131.0
2021-11-02,25T,12.0,35.0
2021-11-03,24T,41.0,152.0
2021-11-03,25T,13.0,35.0
2021-11-04,24T,40.0,153.0
2021-11-04,25T,17.0,47.0
2021-11-05,24T,38.0,144.0
2021-11-05,25T,16.0,49.0
2021-11-06,24T,44.0,132.0
2021-11-06,25T,17.0,37.0
2021-11-07,24T,38.0,133.0
2021-11-07,25T,17.0,46.0
2021-11-08,24T,22.0,95.0
2021-11-08,25T,15.0,43.0
2021-11-09,24T,18.0,79.0
2021-11-09,25T,13.0,41.0
2021-11-10,24T,25.0,89.0
2021-11-10,25T,14.0,43.0
2021-11-11,24T,25.0,94.0
2021-11-11,25T,17.0,48.0
2021-11-12,24T,31.0,99.0
2021-11-12,25T,22.0,56.0
2021-11-13,24T,26.0,87.0
2021-11-13,25T,20.0,52.0
2021-11-14,24T,35.0,97.0
2021-11-14,25T,25.0,51.0
2021-11-15,24T,35.0,104.0
2021-11-15,25T,22.0,49.0
2021-11-16,24T,38.0,125.0
2021-11-16,25T,19.0,43.0
2021-11-17,24T,33.0,119.0
2021-11-17,25T,20.0,50.0
2021-11-18,24T,27.0,98.0
2021-11-18,25T,16.0,36.0
2021-11-19,24T,32.0,97.0
2021-11-19,25T,18.0,49.0
2021-11-20,24T,45.0,144.0
2021-11-20,25T,16.0,41.0
2021-11-21,24T,69.0,126.0
2021-11-21,25T,24.0,46.0
2021-11-22,24T,53.0,150.0
2021-11-22,25T,24.0,64.0
2021-11-23,24T,27.0,118.0
2021-11-23,25T,14.0,40.0
2021-11-24,24T,22.0,85.0
2021-11-24,25T,12.0,36.0
2021-11-25,24T,26.0,92.0
2021-11-25,25T,16.0,48.0
2021-11-26,24T,35.0,111.0
2021-11-26,25T,21.0,57.0
2021-11-27,24T,33.0,99.0
2021-11-27,25T,25.0,56.0
2021-11-28,24T,30.0,78.0
2021-11-28,25T,24.0,60.0
2021-11-29,24T,34.0,102.0
2021-11-29,25T,22.0,49.0
2021-11-30,24T,33.0,103.0
2021-11-30,25T,23.0,64.0
2021-12-01,24T,37.0,98.0
2021-12-01,25T,30.0,71.0
2021-12-02,24T,35.0,101.0
2021-12-02,25T,25.0,61.0
2021-12-03,24T,36.0,110.0
2021-12-03,25T,25.0,62.0
2021-12-04,24T,41.0,127.0
2021-12-04,25T,29.0,69.0
2021-12-05,24T,38.0,95.0
2021-12-05,25T,35.0,77.0
2021-12-06,24T,39.0,104.0
2021-12-06,25T,30.0,81.0
2021-12-07,24T,47.0,124.0
2021-12-07,25T,34.0,82.0
2021-12-08,24T,41.0,114.0
2021-12-08,25T,34.0,84.0
2021-12-09,24T,29.0,97.0
2021-12-09,25T,20.0,57.0
2021-12-10,24T,37.0,126.0
2021-12-10,25T,18.0,47.0
2021-12-11,24T,31.0,128.0
2021-12-11,25T,21.0,58.0
2021-12-12,24T,33.0,108.0
2021-12-12,25T,22.0,57.0
2021-12-13,24T,28.0,102.0
2021-12-13,25T,19.0,52.0
2021-12-14,24T,40.0,121.0
2021-12-14,25T,31.0,75.0
2021-12-15,24T,50.0,169.0
2021-12-15,25T,34.0,80.0
2021-12-16,24T,56.0,188.0
2021-12-16,25T,34.0,68.0
2021-12-17,24T,41.0,131.0
2021-12-17,25T,32.0,69.0
2021-12-18,24T,32.0,113.0
2021-12-18,25T,22.0,63.0
2021-12-19,24T,32.0,104.0
2021-12-19,25T,24.0,57.0
2021-12-20,24T,57.0,170.0
2021-12-20,25T,37.0,74.0
2021-12-21,24T,72.0,203.0
2021-12-21,25T,51.0,102.0
2021-12-22,24T,77.0,224.0
2021-12-22,25T,54.0,108.0
2021-12-23,24T,68.0,208.0
2021-12-23,25T,48.0,91.0
2021-12-24,24T,71.0,229.0
2021-12-24,25T,42.0,83.0
2021-12-25,24T,43.0,152.0
2021-12-25,25T,22.0,47.0
2021-12-26,24T,25.0,91.0
2021-12-26,25T,16.0,45.0
2021-12-27,24T,32.0,90.0
2021-12-27,25T,17.0,49.0
2021-12-28,24T,19.0,82.0
2021-12-28,25T,12.0,43.0
2021-12-29,24T,19.0,66.0
2021-12-29,25T,16.0,43.0
2021-12-30,24T,15.0,47.0
2021-12-30,25T,14.0,36.0
2021-12-31,24T,16.0,49.0
2021-12-31,25T,15.0,44.0
2022-01-01,24T,18.0,46.0
2022-01-01,25T,14.0,38.0
2022-01-02,24T,17.0,45.0
2022-01-02,25T,19.0,43.0
2022-01-03,24T,21.0,53.0
2022-01-03,25T,17.0,45.0
2022-01-04,24T,28.0,92.0
2022-01-04,25T,22.0,59.0
2022-01-05,24T,42.0,143.0
2022-01-05,25T,24.0,58.0
2022-01-06,24T,48.0,159.0
2022-01-06,25T,38.0,82.0
2022-01-07,24T,40.0,129.0
2022-01-07,25T,37.0,77.0
2022-01-08,24T,39.0,139.0
2022-01-08,25T,33.0,77.0
2022-01-09,24T,46.0,153.0
2022-01-09,25T,34.0,75.0
2022-01-10,24T,63.0,188.0
2022-01-10,25T,39.0,72.0
2022-01-11,24T,63.0,197.0
2022-01-11,25T,43.0,74.0
2022-01-12,24T,57.0,183.0
2022-01-12,25T,41.0,80.0
2022-01-13,24T,55.0,194.0
2022-01-13,25T,39.0,74.0
2022-01-14,24T,48.0,150.0
2022-01-14,25T,40.0,81.0
2022-01-15,24T,62.0,172.0
2022-01-15,25T,44.0,80.0
2022-01-16,24T,62.0,156.0
2022-01-16,25T,41.0,71.0
2022-01-17,24T,67.0,224.0
2022-01-17,25T,51.0,93.0
2022-01-18,24T,48.0,146.0
2022-01-18,25T,35.0,73.0
2022-01-19,24T,40.0,120.0
2022-01-19,25T,25.0,69.0
2022-01-20,24T,48.0,123.0
2022-01-20,25T,30.0,64.0
2022-01-21,24T,44.0,115.0
2022-01-21,25T,26.0,47.0
2022-01-22,24T,48.0,122.0
2022-01-22,25T,22.0,41.0
2022-01-23,24T,47.0,130.0
2022-01-23,25T,17.0,35.0
2022-01-24,24T,,
2022-01-24,25T,23.0,49.0
2022-01-25,24T,,
2022-01-25,25T,30.0,58.0
2022-01-26,24T,59.0,211.0
2022-01-26,25T,34.0,61.0
2022-01-27,24T,54.0,173.0
2022-01-27,25T,33.0,67.0
2022-01-28,24T,75.0,182.0
2022-01-28,25T,39.0,71.0
2022-01-29,24T,68.0,143.0
2022-01-29,25T,29.0,50.0
2022-01-30,24T,47.0,104.0
2022-01-30,25T,22.0,44.0
2022-01-31,24T,39.0,108.0
2022-01-31,25T,18.0,35.0
2022-02-01,24T,41.0,85.0
2022-02-01,25T,20.0,40.0
2022-02-02,24T,46.0,115.0
2022-02-02,25T,16.0,40.0
2022-02-03,24T,38.0,121.0
2022-02-03,25T,22.0,47.0
2022-02-04,24T,46.0,134.0
2022-02-04,25T,24.0,53.0
2022-02-05,24T,35.0,103.0
2022-02-05,25T,26.0,57.0
2022-02-06,24T,37.0,109.0
2022-02-06,25T,33.0,70.0
2022-02-07,24T,60.0,190.0
2022-02-07,25T,49.0,87.0
2022-02-08,24T,72.0,230.0
2022-02-08,25T,50.0,82.0
2022-02-09,24T,76.0,193.0
2022-02-09,25T,38.0,69.0
2022-02-10,24T,59.0,155.0
2022-02-10,25T,31.0,61.0
2022-02-11,24T,46.0,137.0
2022-02-11,25T,26.0,52.0
2022-02-12,24T,48.0,136.0
2022-02-12,25T,32.0,71.0
2022-02-13,24T,54.0,152.0
2022-02-13,25T,26.0,50.0
2022-02-14,24T,48.0,173.0
2022-02-14,25T,25.0,48.0
2022-02-15,24T,46.0,154.0
2022-02-15,25T,27.0,63.0
2022-02-16,24T,52.0,168.0
2022-02-16,25T,38.0,70.0
2022-02-17,24T,46.0,172.0
2022-02-17,25T,26.0,53.0
2022-02-18,24T,38.0,133.0
2022-02-18,25T,14.0,40.0
2022-02-19,24T,30.0,65.0
2022-02-19,25T,9.0,24.0
2022-02-20,24T,23.0,43.0
2022-02-20,25T,10.0,24.0
2022-02-21,24T,41.0,84.0
2022-02-21,25T,17.0,52.0
2022-02-22,24T,27.0,90.0
2022-02-22,25T,18.0,49.0
2022-02-23,24T,33.0,104.0
2022-02-23,25T,24.0,58.0
2022-02-24,24T,31.0,102.0
2022-02-24,25T,25.0,68.0
2022-02-25,24T,36.0,117.0
2022-02-25,25T,30.0,69.0
2022-02-26,24T,41.0,112.0
2022-02-26,25T,35.0,72.0
2022-02-27,24T,47.0,125.0
2022-02-27,25T,34.0,69.0
2022-02-28,24T,58.0,157.0
2022-02-28,25T,45.0,78.0
2022-03-01,24T,80.0,210.0
2022-03-01,25T,50.0,84.0
2022-03-02,24T,69.0,174.0
2022-03-02,25T,31.0,57.0
2022-03-03,24T,60.0,143.0
2022-03-03,25T,38.0,64.0
2022-03-04,24T,63.0,162.0
2022-03-04,25T,26.0,54.0
2022-03-05,24T,53.0,117.0
2022-03-05,25T,29.0,55.0
2022-03-06,24T,48.0,77.0
2022-03-06,25T,27.0,48.0
2022-03-07,24T,52.0,119.0
2022-03-07,25T,23.0,45.0
2022-03-08,24T,35.0,138.0
2022-03-08,25T,,
2022-03-09,24T,50.0,194.0
2022-03-09,25T,28.0,62.0
2022-03-10,24T,58.0,153.0
2022-03-10,25T,33.0,60.0
2022-03-11,24T,53.0,142.0
2022-03-11,25T,29.0,58.0
2022-03-12,24T,68.0,145.0
2022-03-12,25T,31.0,60.0
2022-03-13,24T,70.0,119.0
2022-03-13,25T,40.0,70.0
2022-03-14,24T,53.0,101.0
2022-03-14,25T,33.0,60.0
2022-03-15,24T,41.0,77.0
2022-03-15,25T,21.0,42.0
2022-03-16,24T,35.0,83.0
2022-03-16,25T,17.0,34.0
2022-03-17,24T,37.0,78.0
2022-03-17,25T,22.0,39.0
2022-03-18,24T,41.0,91.0
2022-03-18,25T,18.0,36.0
2022-03-19,24T,36.0,148.0
2022-03-19,25T,20.0,46.0
2022-03-20,24T,27.0,77.0
2022-03-20,25T,15.0,29.0
2022-03-21,24T,37.0,95.0
2022-03-21,25T,13.0,27.0
2022-03-22,24T,27.0,91.0
2022-03-22,25T,10.0,21.0
2022-03-23,24T,27.0,76.0
2022-03-23,25T,13.0,27.0
2022-03-24,24T,34.0,74.0
2022-03-24,25T,19.0,36.0
2022-03-25,24T,35.0,83.0
2022-03-25,25T,13.0,28.0
2022-03-26,24T,30.0,69.0
2022-03-26,25T,14.0,27.0
2022-03-27,24T,33.0,60.0
2022-03-27,25T,15.0,26.0
2022-03-28,24T,33.0,73.0
2022-03-28,25T,15.0,27.0
2022-03-29,24T,32.0,101.0
2022-03-29,25T,17.0,36.0
2022-03-30,24T,41.0,164.0
2022-03-30,25T,17.0,37.0
2022-03-31,24T,49.0,185.0
2022-03-31,25T,27.0,57.0
2022-04-01,24T,27.0,100.0
2022-04-01,25T,18.0,39.0
2022-04-02,24T,10.0,76.0
2022-04-02,25T,6.0,29.0
2022-04-03,24T,11.0,50.0
2022-04-03,25T,10.0,25.0
2022-04-04,24T,24.0,81.0
2022-04-04,25T,18.0,44.0
2022-04-05,24T,35.0,120.0
2022-04-05,25T,24.0,58.0
2022-04-06,24T,39.0,117.0
2022-04-06,25T,25.0,59.0
2022-04-07,24T,47.0,134.0
2022-04-07,25T,31.0,66.0
2022-04-08,24T,69.0,159.0
2022-04-08,25T,52.0,88.0
2022-04-09,24T,85.0,196.0
2022-04-09,25T,63.0,105.0
2022-04-10,24T,96.0,183.0
2022-04-10,25T,70.0,103.0
2022-04-11,24T,76.0,127.0
2022-04-11,25T,55.0,83.0
2022-04-12,24T,57.0,84.0
2022-04-12,25T,48.0,68.0
2022-04-13,24T,42.0,74.0
2022-04-13,25T,41.0,60.0
2022-04-14,24T,50.0,83.0
2022-04-14,25T,38.0,62.0
2022-04-15,24T,56.0,96.0
2022-04-15,25T,41.0,68.0
2022-04-16,24T,48.0,78.0
2022-04-16,25T,37.0,61.0
2022-04-17,24T,37.0,77.0
2022-04-17,25T,28.0,47.0
2022-04-18,24T,32.0,100.0
2022-04-18,25T,23.0,51.0
2022-04-19,24T,26.0,92.0
2022-04-19,25T,18.0,36.0
2022-04-20,24T,42.0,141.0
2022-04-20,25T,29.0,62.0
2022-04-21,24T,49.0,128.0
2022-04-21,25T,33.0,53.0
2022-04-22,24T,33.0,80.0
2022-04-22,25T,20.0,32.0
2022-04-23,24T,28.0,62.0
2022-04-23,25T,16.0,29.0
2022-04-24,24T,35.0,68.0
2022-04-24,25T,18.0,32.0
2022-04-25,24T,32.0,
2022-04-25,25T,18.0,33.0
2022-04-26,24T,34.0,
2022-04-26,25T,19.0,34.0
2022-04-27,24T,35.0,94.0
2022-04-27,25T,18.0,32.0
2022-04-28,24T,41.0,108.0
2022-04-28,25T,24.0,42.0
2022-04-29,24T,30.0,107.0
2022-04-29,25T,12.0,27.0
2022-04-30,24T,45.0,135.0
2022-04-30,25T,30.0,48.0
2022-05-01,24T,28.0,81.0
2022-05-01,25T,21.0,31.0
2022-05-02,24T,17.0,55.0
2022-05-02,25T,,
2022-05-03,24T,18.0,55.0
2022-05-03,25T,,
2022-05-04,24T,22.0,62.0
2022-05-04,25T,18.0,36.0
2022-05-05,24T,32.0,100.0
2022-05-05,25T,23.0,55.0
2022-05-06,24T,49.0,177.0
2022-05-06,25T,22.0,41.0
2022-05-07,24T,38.0,126.0
2022-05-07,25T,16.0,36.0
2022-05-08,24T,38.0,126.0
2022-05-08,25T,16.0,33.0
2022-05-09,24T,37.0,149.0
2022-05-09,25T,16.0,36.0
2022-05-10,24T,38.0,110.0
2022-05-10,25T,13.0,27.0
2022-05-11,24T,28.0,75.0
2022-05-11,25T,13.0,22.0
2022-05-12,24T,27.0,51.0
2022-05-12,25T,15.0,28.0
2022-05-13,24T,33.0,65.0
2022-05-13,25T,18.0,31.0
2022-05-14,24T,39.0,63.0
2022-05-14,25T,22.0,39.0
2022-05-15,24T,35.0,61.0
2022-05-15,25T,25.0,38.0
2022-05-16,24T,28.0,58.0
2022-05-16,25T,20.0,35.0
2022-05-17,24T,31.0,79.0
2022-05-17,25T,15.0,28.0
2022-05-18,24T,26.0,
2022-05-18,25T,15.0,27.0
2022-05-19,24T,30.0,90.0
2022-05-19,25T,11.0,19.0
2022-05-20,24T,25.0,83.0
2022-05-20,25T,11.0,19.0
2022-05-21,24T,20.0,53.0
2022-05-21,25T,11.0,21.0
2022-05-22,24T,20.0,45.0
2022-05-22,25T,13.0,25.0
2022-05-23,24T,17.0,38.0
2022-05-23,25T,12.0,26.0
2022-05-24,24T,32.0,69.0
2022-05-24,25T,16.0,34.0
2022-05-25,24T,28.0,56.0
2022-05-25,25T,17.0,33.0
2022-05-26,24T,21.0,61.0
2022-05-26,25T,15.0,34.0
2022-05-27,24T,27.0,72.0
2022-05-27,25T,18.0,40.0
2022-05-28,24T,39.0,71.0
2022-05-28,25T,23.0,49.0
2022-05-29,24T,35.0,69.0
2022-05-29,25T,26.0,54.0
2022-05-30,24T,43.0,73.0
2022-05-30,25T,24.0,49.0
2022-05-31,24T,28.0,58.0
2022-05-31,25T,22.0,42.0
2022-06-01,24T,29.0,60.0
2022-06-01,25T,23.0,41.0
2022-06-02,24T,31.0,75.0
2022-06-02,25T,21.0,41.0
2022-06-03,24T,21.0,50.0
2022-06-03,25T,11.0,20.0
2022-06-04,24T,27.0,57.0
2022-06-04,25T,10.0,20.0
2022-06-05,24T,18.0,44.0
2022-06-05,25T,10.0,18.0
2022-06-06,24T,22.0,60.0
2022-06-06,25T,9.0,18.0
2022-06-07,24T,20.0,61.0
2022-06-07,25T,12.0,24.0
2022-06-08,24T,23.0,61.0
2022-06-08,25T,13.0,23.0
2022-06-09,24T,24.0,69.0
2022-06-09,25T,14.0,25.0
2022-06-10,24T,24.0,61.0
2022-06-10,25T,14.0,25.0
2022-06-11,24T,31.0,86.0
2022-06-11,25T,17.0,30.0
2022-06-12,24T,29.0,77.0
2022-06-12,25T,20.0,31.0
2022-06-13,24T,31.0,92.0
2022-06-13,25T,22.0,39.0
2022-06-14,24T,33.0,92.0
2022-06-14,25T,21.0,34.0
2022-06-15,24T,31.0,102.0
2022-06-15,25T,14.0,25.0
2022-06-16,24T,40.0,111.0
2022-06-16,25T,15.0,25.0
2022-06-17,24T,23.0,86.0
2022-06-17,25T,17.0,27.0
2022-06-18,24T,29.0,85.0
2022-06-18,25T,12.0,24.0
2022-06-19,24T,25.0,81.0
2022-06-19,25T,13.0,25.0
2022-06-20,24T,26.0,71.0
2022-06-20,25T,14.0,25.0
2022-06-21,24T,17.0,39.0
2022-06-21,25T,12.0,23.0
2022-06-22,24T,24.0,73.0
2022-06-22,25T,11.0,25.0
2022-06-23,24T,22.0,70.0
2022-06-23,25T,16.0,28.0
2022-06-24,24T,28.0,87.0
2022-06-24,25T,16.0,26.0
2022-06-25,24T,26.0,76.0
2022-06-25,25T,10.0,19.0
2022-06-26,24T,18.0,60.0
2022-06-26,25T,10.0,17.0
2022-06-27,24T,20.0,76.0
2022-06-27,25T,10.0,18.0
2022-06-28,24T,22.0,71.0
2022-06-28,25T,12.0,25.0
2022-06-29,24T,25.0,77.0
2022-06-29,25T,16.0,30.0
2022-06-30,24T,23.0,61.0
2022-06-30,25T,13.0,27.0
2022-07-01,24T,16.0,58.0
2022-07-01,25T,11.0,21.0
2022-07-02,24T,19.0,55.0
2022-07-02,25T,13.0,25.0
2022-07-03,24T,17.0,57.0
2022-07-03,25T,11.0,20.0
2022-07-04,24T,20.0,52.0
2022-07-04,25T,12.0,21.0
2022-07-05,24T,21.0,65.0
2022-07-05,25T,14.0,21.0
2022-07-06,24T,26.0,78.0
2022-07-06,25T,15.0,26.0
2022-07-07,24T,27.0,78.0
2022-07-07,25T,18.0,32.0
2022-07-08,24T,22.0,62.0
2022-07-08,25T,13.0,24.0
2022-07-09,24T,19.0,51.0
2022-07-09,25T,10.0,18.0
2022-07-10,24T,14.0,43.0
2022-07-10,25T,11.0,18.0
2022-07-11,24T,22.0,78.0
2022-07-11,25T,13.0,23.0
2022-07-12,24T,23.0,81.0
2022-07-12,25T,15.0,27.0
2022-07-13,24T,18.0,57.0
2022-07-13,25T,14.0,
2022-07-14,24T,24.0,82.0
2022-07-14,25T,16.0,
2022-07-15,24T,24.0,73.0
2022-07-15,25T,17.0,30.0
2022-07-16,24T,28.0,75.0
2022-07-16,25T,17.0,32.0
2022-07-17,24T,25.0,70.0
2022-07-17,25T,15.0,25.0
2022-07-18,24T,23.0,68.0
2022-07-18,25T,16.0,31.0
2022-07-19,24T,27.0,68.0
2022-07-19,25T,17.0,31.0
2022-07-20,24T,28.0,77.0
2022-07-20,25T,12.0,21.0
2022-07-21,24T,21.0,52.0
2022-07-21,25T,8.0,16.0
2022-07-22,24T,24.0,69.0
2022-07-22,25T,9.0,17.0
2022-07-23,24T,23.0,67.0
2022-07-23,25T,10.0,19.0
2022-07-24,24T,29.0,79.0
2022-07-24,25T,11.0,21.0
2022-07-25,24T,37.0,108.0
2022-07-25,25T,14.0,27.0
2022-07-26,24T,39.0,117.0
2022-07-26,25T,22.0,48.0
2022-07-27,24T,41.0,106.0
2022-07-27,25T,21.0,36.0
2022-07-28,24T,41.0,115.0
2022-07-28,25T,19.0,36.0
2022-07-29,24T,35.0,96.0
2022-07-29,25T,20.0,31.0
2022-07-30,24T,33.0,84.0
2022-07-30,25T,15.0,27.0
2022-07-31,24T,27.0,61.0
2022-07-31,25T,14.0,24.0
2022-08-01,24T,29.0,71.0
2022-08-01,25T,8.0,17.0
2022-08-02,24T,26.0,75.0
2022-08-02,25T,8.0,16.0
2022-08-03,24T,21.0,60.0
2022-08-03,25T,10.0,17.0
2022-08-04,24T,25.0,65.0
2022-08-04,25T,10.0,21.0
2022-08-05,24T,25.0,67.0
2022-08-05,25T,13.0,28.0
2022-08-06,24T,23.0,64.0
2022-08-06,25T,12.0,24.0
2022-08-07,24T,21.0,57.0
2022-08-07,25T,10.0,19.0
2022-08-08,24T,18.0,43.0
2022-08-08,25T,9.0,16.0
2022-08-09,24T,17.0,46.0
2022-08-09,25T,14.0,21.0
2022-08-10,24T,24.0,72.0
2022-08-10,25T,15.0,27.0
2022-08-11,24T,22.0,54.0
2022-08-11,25T,16.0,28.0
2022-08-12,24T,23.0,66.0
2022-08-12,25T,15.0,25.0
2022-08-13,24T,24.0,75.0
2022-08-13,25T,17.0,28.0
2022-08-14,24T,24.0,64.0
2022-08-14,25T,17.0,26.0
2022-08-15,24T,28.0,77.0
2022-08-15,25T,19.0,31.0
2022-08-16,24T,19.0,44.0
2022-08-16,25T,11.0,21.0
2022-08-17,24T,23.0,69.0
2022-08-17,25T,11.0,23.0
2022-08-18,24T,19.0,53.0
2022-08-18,25T,16.0,27.0
2022-08-19,24T,29.0,77.0
2022-08-19,25T,18.0,30.0
2022-08-20,24T,26.0,68.0
2022-08-20,25T,18.0,32.0
2022-08-21,24T,23.0,57.0
2022-08-21,25T,18.0,30.0
2022-08-22,24T,24.0,54.0
2022-08-22,25T,17.0,28.0
2022-08-23,24T,31.0,76.0
2022-08-23,25T,22.0,33.0
2022-08-24,24T,38.0,97.0
2022-08-24,25T,24.0,37.0
2022-08-25,24T,21.0,51.0
2022-08-25,25T,16.0,29.0
2022-08-26,24T,17.0,36.0
2022-08-26,25T,12.0,23.0
2022-08-27,24T,25.0,61.0
2022-08-27,25T,14.0,24.0
2022-08-28,24T,30.0,86.0
2022-08-28,25T,16.0,29.0
2022-08-29,24T,34.0,94.0
2022-08-29,25T,19.0,38.0
2022-08-30,24T,40.0,111.0
2022-08-30,25T,23.0,45.0
2022-08-31,24T,44.0,105.0
2022-08-31,25T,22.0,39.0
2022-09-01,24T,37.0,97.0
2022-09-01,25T,19.0,34.0
2022-09-02,24T,47.0,111.0
2022-09-02,25T,34.0,55.0
2022-09-03,24T,40.0,102.0
2022-09-03,25T,23.0,41.0
2022-09-04,24T,27.0,67.0
2022-09-04,25T,17.0,30.0
2022-09-05,24T,27.0,71.0
2022-09-05,25T,15.0,26.0
2022-09-06,24T,29.0,82.0
2022-09-06,25T,18.0,35.0
2022-09-07,24T,28.0,80.0
2022-09-07,25T,17.0,30.0
2022-09-08,24T,25.0,63.0
2022-09-08,25T,17.0,30.0
2022-09-09,24T,29.0,78.0
2022-09-09,25T,18.0,30.0
2022-09-10,24T,22.0,61.0
2022-09-10,25T,15.0,28.0
2022-09-11,24T,30.0,81.0
2022-09-11,25T,17.0,33.0
2022-09-12,24T,29.0,79.0
2022-09-12,25T,17.0,31.0
2022-09-13,24T,40.0,105.0
2022-09-13,25T,26.0,42.0
2022-09-14,24T,34.0,78.0
2022-09-14,25T,23.0,37.0
2022-09-15,24T,26.0,57.0
2022-09-15,25T,18.0,31.0
2022-09-16,24T,28.0,68.0
2022-09-16,25T,16.0,27.0
2022-09-17,24T,25.0,60.0
2022-09-17,25T,15.0,23.0
2022-09-18,24T,25.0,60.0
2022-09-18,25T,14.0,24.0
2022-09-19,24T,28.0,63.0
2022-09-19,25T,12.0,20.0
2022-09-20,24T,34.0,92.0
2022-09-20,25T,18.0,29.0
2022-09-21,24T,39.0,95.0
2022-09-21,25T,17.0,31.0
2022-09-22,24T,36.0,86.0
2022-09-22,25T,20.0,34.0
2022-09-23,24T,34.0,86.0
2022-09-23,25T,19.0,32.0
2022-09-24,24T,34.0,80.0
2022-09-24,25T,18.0,35.0
2022-09-25,24T,22.0,48.0
2022-09-25,25T,10.0,18.0
2022-09-26,24T,24.0,57.0
2022-09-26,25T,12.0,23.0
2022-09-27,24T,33.0,88.0
2022-09-27,25T,13.0,29.0
2022-09-28,24T,26.0,70.0
2022-09-28,25T,13.0,25.0
2022-09-29,24T,14.0,26.0
2022-09-29,25T,9.0,18.0
2022-09-30,24T,19.0,40.0
2022-09-30,25T,11.0,20.0
2022-10-01,24T,24.0,60.0
2022-10-01,25T,10.0,19.0
2022-10-02,24T,22.0,51.0
2022-10-02,25T,14.0,29.0
2022-10-03,24T,29.0,67.0
2022-10-03,25T,12.0,25.0
2022-10-04,24T,38.0,101.0
2022-10-04,25T,16.0,36.0
2022-10-05,24T,34.0,98.0
2022-10-05,25T,14.0,31.0
2022-10-06,24T,32.0,98.0
2022-10-06,25T,15.0,35.0
2022-10-07,24T,25.0,86.0
2022-10-07,25T,14.0,30.0
2022-10-08,24T,26.0,89.0
2022-10-08,25T,15.0,33.0
2022-10-09,24T,23.0,73.0
2022-10-09,25T,14.0,27.0
2022-10-10,24T,21.0,57.0
2022-10-10,25T,10.0,20.0
2022-10-11,24T,24.0,74.0
2022-10-11,25T,17.0,33.0
2022-10-12,24T,32.0,101.0
2022-10-12,25T,23.0,45.0
2022-10-13,24T,35.0,102.0
2022-10-13,25T,25.0,55.0
2022-10-14,24T,39.0,113.0
2022-10-14,25T,26.0,58.0
2022-10-15,24T,32.0,93.0
2022-10-15,25T,22.0,47.0
2022-10-16,24T,34.0,93.0
2022-10-16,25T,23.0,49.0
2022-10-17,24T,40.0,113.0
2022-10-17,25T,25.0,59.0
2022-10-18,24T,46.0,131.0
2022-10-18,25T,32.0,74.0
2022-10-19,24T,47.0,129.0
2022-10-19,25T,35.0,83.0
2022-10-20,24T,47.0,119.0
2022-10-20,25T,30.0,66.0
2022-10-21,24T,33.0,90.0
2022-10-21,25T,26.0,54.0
2022-10-22,24T,28.0,89.0
2022-10-22,25T,21.0,44.0
2022-10-23,24T,29.0,83.0
2022-10-23,25T,21.0,47.0
2022-10-24,24T,39.0,107.0
2022-10-24,25T,25.0,55.0
2022-10-25,24T,44.0,126.0
2022-10-25,25T,27.0,63.0
2022-10-26,24T,30.0,95.0
2022-10-26,25T,24.0,51.0
2022-10-27,24T,26.0,94.0
2022-10-27,25T,16.0,35.0
2022-10-28,24T,25.0,80.0
2022-10-28,25T,17.0,36.0
2022-10-29,24T,27.0,80.0
2022-10-29,25T,18.0,40.0
2022-10-30,24T,36.0,88.0
2022-10-30,25T,29.0,65.0
2022-10-31,24T,45.0,121.0
2022-10-31,25T,32.0,74.0
2022-11-01,24T,44.0,122.0
2022-11-01,25T,26.0,58.0
2022-11-02,24T,47.0,130.0
2022-11-02,25T,26.0,57.0
2022-11-03,24T,46.0,130.0
2022-11-03,25T,28.0,58.0
2022-11-04,24T,45.0,132.0
2022-11-04,25T,28.0,61.0
2022-11-05,24T,44.0,120.0
2022-11-05,25T,29.0,66.0
2022-11-06,24T,43.0,122.0
2022-11-06,25T,31.0,69.0
2022-11-07,24T,45.0,126.0
2022-11-07,25T,29.0,62.0
2022-11-08,24T,43.0,127.0
2022-11-08,25T,32.0,72.0
2022-11-09,24T,44.0,130.0
2022-11-09,25T,26.0,59.0
2022-11-10,24T,38.0,114.0
2022-11-10,25T,22.0,50.0
2022-11-11,24T,43.0,123.0
2022-11-11,25T,26.0,57.0
2022-11-12,24T,40.0,123.0
2022-11-12,25T,23.0,53.0
2022-11-13,24T,31.0,91.0
2022-11-13,25T,19.0,44.0
2022-11-14,24T,26.0,72.0
2022-11-14,25T,15.0,33.0
2022-11-15,24T,26.0,75.0
2022-11-15,25T,12.0,26.0
2022-11-16,24T,38.0,114.0
2022-11-16,25T,20.0,48.0
2022-11-17,24T,34.0,102.0
2022-11-17,25T,18.0,43.0
2022-11-18,24T,37.0,111.0
2022-11-18,25T,20.0,49.0
2022-11-19,24T,38.0,117.0
2022-11-19,25T,20.0,48.0
2022-11-20,24T,32.0,103.0
2022-11-20,25T,16.0,40.0
2022-11-21,24T,37.0,115.0
2022-11-21,25T,20.0,44.0
2022-11-22,24T,43.0,124.0
2022-11-22,25T,22.0,53.0
2022-11-23,24T,35.0,116.0
2022-11-23,25T,17.0,40.0
2022-11-24,24T,28.0,93.0
2022-11-24,25T,11.0,25.0
2022-11-25,24T,31.0,95.0
2022-11-25,25T,13.0,29.0
2022-11-26,24T,27.0,81.0
2022-11-26,25T,14.0,32.0
2022-11-27,24T,29.0,95.0
2022-11-27,25T,13.0,29.0
2022-11-28,24T,33.0,98.0
2022-11-28,25T,15.0,35.0
2022-11-29,24T,37.0,118.0
2022-11-29,25T,21.0,50.0
2022-11-30,24T,40.0,119.0
2022-11-30,25T,21.0,48.0
2022-12-01,24T,34.0,113.0
2022-12-01,25T,21.0,50.0
2022-12-02,24T,29.0,88.0
2022-12-02,25T,18.0,41.0
2022-12-03,24T,28.0,88.0
2022-12-03,25T,17.0,36.0
2022-12-04,24T,26.0,90.0
2022-12-04,25T,20.0,45.0
2022-12-05,24T,26.0,74.0
2022-12-05,25T,17.0,37.0
2022-12-06,24T,23.0,74.0
2022-12-06,25T,16.0,34.0
2022-12-07,24T,27.0,89.0
2022-12-07,25T,22.0,48.0
2022-12-08,24T,28.0,99.0
2022-12-08,25T,19.0,41.0
2022-12-09,24T,30.0,103.0
2022-12-09,25T,22.0,47.0
2022-12-10,24T,32.0,109.0
2022-12-10,25T,20.0,45.0
2022-12-11,24T,38.0,124.0
2022-12-11,25T,23.0,54.0
2022-12-12,24T,38.0,115.0
2022-12-12,25T,27.0,62.0
2022-12-13,24T,36.0,110.0
2022-12-13,25T,28.0,65.0
2022-12-14,24T,43.0,125.0
2022-12-14,25T,33.0,78.0
2022-12-15,24T,41.0,126.0
2022-12-15,25T,31.0,72.0
2022-12-16,24T,45.0,133.0
2022-12-16,25T,36.0,86.0
2022-12-17,24T,41.0,109.0
2022-12-17,25T,28.0,67.0
2022-12-18,24T,39.0,122.0
2022-12-18,25T,34.0,90.0
2022-12-19,24T,33.0,102.0
2022-12-19,25T,28.0,64.0
2022-12-20,24T,41.0,117.0
2022-12-20,25T,30.0,70.0
2022-12-21,24T,45.0,135.0
2022-12-21,25T,25.0,58.0
2022-12-22,24T,45.0,126.0
2022-12-22,25T,30.0,65.0
2022-12-23,24T,49.0,148.0
2022-12-23,25T,39.0,87.0
2022-12-24,24T,40.0,114.0
2022-12-24,25T,33.0,78.0
2022-12-25,24T,40.0,111.0
2022-12-25,25T,23.0,53.0
2022-12-26,24T,44.0,131.0
2022-12-26,25T,29.0,68.0
2022-12-27,24T,46.0,130.0
2022-12-27,25T,30.0,70.0
2022-12-28,24T,43.0,123.0
2022-12-28,25T,27.0,61.0
2022-12-29,24T,34.0,88.0
2022-12-29,25T,25.0,56.0
2022-12-30,24T,23.0,54.0
2022-12-30,25T,23.0,49.0
2022-12-31,24T,21.0,47.0
2022-12-31,25T,25.0,53.0
2023-01-01,24T,24.0,52.0
2023-01-01,25T,28.0,59.0
2023-01-02,24T,26.0,52.0
2023-01-02,25T,24.0,54.0
2023-01-03,24T,30.0,69.0
2023-01-03,25T,21.0,46.0
2023-01-04,24T,30.0,85.0
2023-01-04,25T,21.0,42.0
2023-01-05,24T,31.0,89.0
2023-01-05,25T,20.0,42.0
2023-01-06,24T,29.0,79.0
2023-01-06,25T,18.0,42.0
2023-01-07,24T,22.0,79.0
2023-01-07,25T,20.0,47.0
2023-01-08,24T,30.0,92.0
2023-01-08,25T,26.0,65.0
2023-01-09,24T,47.0,108.0
2023-01-09,25T,26.0,63.0
2023-01-10,24T,33.0,94.0
2023-01-10,25T,24.0,56.0
2023-01-11,24T,36.0,72.0
2023-01-11,25T,28.0,58.0
2023-01-12,24T,38.0,81.0
2023-01-12,25T,26.0,54.0
2023-01-13,24T,42.0,89.0
2023-01-13,25T,29.0,64.0
2023-01-14,24T,42.0,109.0
2023-01-14,25T,29.0,65.0
2023-01-15,24T,48.0,123.0
2023-01-15,25T,26.0,62.0
2023-01-16,24T,60.0,145.0
2023-01-16,25T,34.0,76.0
2023-01-17,24T,55.0,151.0
2023-01-17,25T,31.0,71.0
2023-01-18,24T,40.0,105.0
2023-01-18,25T,30.0,63.0
2023-01-19,24T,37.0,111.0
2023-01-19,25T,27.0,57.0
2023-01-20,24T,40.0,107.0
2023-01-20,25T,30.0,63.0
2023-01-21,24T,41.0,112.0
2023-01-21,25T,29.0,64.0
2023-01-22,24T,53.0,130.0
2023-01-22,25T,39.0,87.0
2023-01-23,24T,70.0,173.0
2023-01-23,25T,42.0,101.0
2023-01-24,24T,60.0,147.0
2023-01-24,25T,41.0,100.0
2023-01-25,24T,43.0,111.0
2023-01-25,25T,32.0,77.0
2023-01-26,24T,53.0,149.0
2023-01-26,25T,37.0,84.0
2023-01-27,24T,74.0,192.0
2023-01-27,25T,37.0,86.0
2023-01-28,24T,41.0,106.0
2023-01-28,25T,28.0,64.0
2023-01-29,24T,43.0,114.0
2023-01-29,25T,33.0,77.0
2023-01-30,24T,49.0,120.0
2023-01-30,25T,37.0,86.0
2023-01-31,24T,67.0,160.0
2023-01-31,25T,45.0,101.0
2023-02-01,24T,91.0,237.0
2023-02-01,25T,62.0,148.0
2023-02-02,24T,119.0,314.0
2023-02-02,25T,69.0,174.0
2023-02-03,24T,102.0,257.0
2023-02-03,25T,46.0,118.0
2023-02-04,24T,67.0,195.0
2023-02-04,25T,40.0,98.0
2023-02-05,24T,48.0,154.0
2023-02-05,25T,26.0,58.0
2023-02-06,24T,54.0,156.0
2023-02-06,25T,21.0,50.0
2023-02-07,24T,43.0,102.0
2023-02-07,25T,19.0,47.0
2023-02-08,24T,38.0,130.0
2023-02-08,25T,19.0,44.0
2023-02-09,24T,39.0,89.0
2023-02-09,25T,20.0,46.0
2023-02-10,24T,28.0,78.0
2023-02-10,25T,16.0,37.0
2023-02-11,24T,28.0,82.0
2023-02-11,25T,17.0,39.0
2023-02-12,24T,31.0,74.0
2023-02-12,25T,17.0,42.0
2023-02-13,24T,33.0,87.0
2023-02-13,25T,20.0,48.0
2023-02-14,24T,41.0,113.0
2023-02-14,25T,24.0,57.0
2023-02-15,24T,48.0,135.0
2023-02-15,25T,25.0,57.0
2023-02-16,24T,36.0,88.0
2023-02-16,25T,22.0,48.0
2023-02-17,24T,43.0,132.0
2023-02-17,25T,28.0,65.0
2023-02-18,24T,59.0,158.0
2023-02-18,25T,31.0,81.0
2023-02-19,24T,74.0,182.0
2023-02-19,25T,45.0,112.0
2023-02-20,24T,43.0,111.0
2023-02-20,25T,26.0,62.0
2023-02-21,24T,53.0,136.0
2023-02-21,25T,31.0,71.0
2023-02-22,24T,60.0,161.0
2023-02-22,25T,38.0,91.0
2023-02-23,24T,62.0,162.0
2023-02-23,25T,35.0,81.0
2023-02-24,24T,74.0,196.0
2023-02-24,25T,38.0,88.0
2023-02-25,24T,47.0,132.0
2023-02-25,25T,30.0,73.0
2023-02-26,24T,39.0,105.0
2023-02-26,25T,30.0,76.0
2023-02-27,24T,46.0,123.0
2023-02-27,25T,33.0,76.0
2023-02-28,24T,57.0,143.0
2023-02-28,25T,39.0,90.0
2023-03-01,24T,67.0,177.0
2023-03-01,25T,37.0,89.0
2023-03-02,24T,54.0,141.0
2023-03-02,25T,39.0,90.0
2023-03-03,24T,53.0,139.0
2023-03-03,25T,38.0,88.0
2023-03-04,24T,61.0,139.0
2023-03-04,25T,37.0,89.0
2023-03-05,24T,52.0,107.0
2023-03-05,25T,29.0,72.0
2023-03-06,24T,65.0,140.0
2023-03-06,25T,40.0,100.0
2023-03-07,24T,92.0,226.0
2023-03-07,25T,50.0,127.0
2023-03-08,24T,106.0,262.0
2023-03-08,25T,50.0,127.0
2023-03-09,24T,108.0,209.0
2023-03-09,25T,47.0,124.0
2023-03-10,24T,77.0,174.0
2023-03-10,25T,57.0,117.0
2023-03-11,24T,82.0,165.0
2023-03-11,25T,65.0,104.0
2023-03-12,24T,60.0,122.0
2023-03-12,25T,50.0,87.0
2023-03-13,24T,61.0,137.0
2023-03-13,25T,41.0,83.0
2023-03-14,24T,43.0,141.0
2023-03-14,25T,32.0,75.0
2023-03-15,24T,64.0,187.0
2023-03-15,25T,55.0,96.0
2023-03-16,24T,53.0,128.0
2023-03-16,25T,41.0,71.0
2023-03-17,24T,49.0,111.0
2023-03-17,25T,36.0,65.0
2023-03-18,24T,35.0,83.0
2023-03-18,25T,31.0,59.0
2023-03-19,24T,32.0,67.0
2023-03-19,25T,28.0,55.0
2023-03-20,24T,42.0,79.0
2023-03-20,25T,34.0,60.0
2023-03-21,24T,37.0,78.0
2023-03-21,25T,32.0,55.0
2023-03-22,24T,37.0,75.0
2023-03-22,25T,32.0,56.0
2023-03-23,24T,36.0,73.0
2023-03-23,25T,28.0,53.0
2023-03-24,24T,41.0,82.0
2023-03-24,25T,34.0,58.0
2023-03-25,24T,40.0,75.0
2023-03-25,25T,35.0,58.0
2023-03-26,24T,32.0,60.0
2023-03-26,25T,25.0,46.0
2023-03-27,24T,38.0,71.0
2023-03-27,25T,30.0,55.0
2023-03-28,24T,33.0,65.0
2023-03-28,25T,24.0,47.0
2023-03-29,24T,31.0,65.0
2023-03-29,25T,19.0,40.0
2023-03-30,24T,34.0,75.0
2023-03-30,25T,22.0,42.0
2023-03-31,24T,32.0,63.0
2023-03-31,25T,24.0,43.0
2023-04-01,24T,33.0,66.0
2023-04-01,25T,24.0,45.0
2023-04-02,24T,32.0,72.0
2023-04-02,25T,24.0,46.0
2023-04-03,24T,45.0,90.0
2023-04-03,25T,32.0,56.0
2023-04-04,24T,52.0,107.0
2023-04-04,25T,42.0,70.0
2023-04-05,24T,61.0,121.0
2023-04-05,25T,41.0,75.0
2023-04-06,24T,57.0,114.0
2023-04-06,25T,40.0,71.0
2023-04-07,24T,48.0,110.0
2023-04-07,25T,36.0,61.0
2023-04-08,24T,37.0,78.0
2023-04-08,25T,23.0,47.0
2023-04-09,24T,42.0,100.0
2023-04-09,25T,25.0,47.0
2023-04-10,24T,33.0,69.0
2023-04-10,25T,22.0,44.0
2023-04-11,24T,39.0,74.0
2023-04-11,25T,30.0,52.0
2023-04-12,24T,46.0,
2023-04-12,25T,36.0,59.0
2023-04-13,24T,,
2023-04-13,25T,39.0,64.0
2023-04-14,24T,48.0,80.0
2023-04-14,25T,48.0,79.0
2023-04-15,24T,54.0,92.0
2023-04-15,25T,52.0,84.0
2023-04-16,24T,62.0,89.0
2023-04-16,25T,49.0,78.0
2023-04-17,24T,59.0,87.0
2023-04-17,25T,53.0,84.0
2023-04-18,24T,55.0,100.0
2023-04-18,25T,45.0,73.0
2023-04-19,24T,47.0,83.0
2023-04-19,25T,40.0,69.0
2023-04-20,24T,60.0,98.0
2023-04-20,25T,50.0,85.0
2023-04-21,24T,63.0,106.0
2023-04-21,25T,54.0,94.0
2023-04-22,24T,64.0,112.0
2023-04-22,25T,53.0,90.0
2023-04-23,24T,42.0,87.0
2023-04-23,25T,35.0,62.0
2023-04-24,24T,44.0,99.0
2023-04-24,25T,27.0,56.0
2023-04-25,24T,43.0,90.0
2023-04-25,25T,30.0,59.0
2023-04-26,24T,34.0,84.0
2023-04-26,25T,21.0,42.0
2023-04-27,24T,37.0,97.0
2023-04-27,25T,22.0,50.0
2023-04-28,24T,40.0,82.0
2023-04-28,25T,27.0,48.0
2023-04-29,24T,39.0,85.0
2023-04-29,25T,22.0,43.0
2023-04-30,24T,33.0,71.0
2023-04-30,25T,17.0,35.0
2023-05-01,24T,37.0,84.0
2023-05-01,25T,24.0,48.0
2023-05-02,24T,41.0,98.0
2023-05-02,25T,22.0,41.0
2023-05-03,24T,33.0,79.0
2023-05-03,25T,21.0,41.0
2023-05-04,24T,31.0,57.0
2023-05-04,25T,14.0,30.0
2023-05-05,24T,34.0,62.0
2023-05-05,25T,19.0,37.0
2023-05-06,24T,36.0,66.0
2023-05-06,25T,28.0,49.0
2023-05-07,24T,30.0,57.0
2023-05-07,25T,27.0,48.0
2023-05-08,24T,34.0,69.0
2023-05-08,25T,23.0,41.0
2023-05-09,24T,36.0,78.0
2023-05-09,25T,26.0,52.0
2023-05-10,24T,29.0,66.0
2023-05-10,25T,16.0,32.0
2023-05-11,24T,29.0,76.0
2023-05-11,25T,24.0,52.0
2023-05-12,24T,30.0,67.0
2023-05-12,25T,19.0,33.0
2023-05-13,24T,18.0,45.0
2023-05-13,25T,13.0,29.0
2023-05-14,24T,19.0,42.0
2023-05-14,25T,15.0,33.0
2023-05-15,24T,31.0,74.0
2023-05-15,25T,22.0,47.0
2023-05-16,24T,47.0,86.0
2023-05-16,25T,35.0,65.0
2023-05-17,24T,42.0,82.0
2023-05-17,25T,31.0,62.0
2023-05-18,24T,47.0,96.0
2023-05-18,25T,34.0,66.0
2023-05-19,24T,42.0,89.0
2023-05-19,25T,33.0,71.0
2023-05-20,24T,44.0,87.0
2023-05-20,25T,36.0,70.0
2023-05-21,24T,41.0,81.0
2023-05-21,25T,30.0,63.0
2023-05-22,24T,33.0,65.0
2023-05-22,25T,28.0,55.0
2023-05-23,24T,29.0,69.0
2023-05-23,25T,24.0,52.0
2023-05-24,24T,27.0,57.0
2023-05-24,25T,,44.0
2023-05-25,24T,32.0,71.0
2023-05-25,25T,,54.0
2023-05-26,24T,34.0,77.0
2023-05-26,25T,25.0,62.0
2023-05-27,24T,34.0,72.0
2023-05-27,25T,20.0,51.0
2023-05-28,24T,29.0,62.0
2023-05-28,25T,16.0,42.0
2023-05-29,24T,29.0,68.0
2023-05-29,25T,12.0,31.0
2023-05-30,24T,25.0,59.0
2023-05-30,25T,13.0,30.0
2023-05-31,24T,16.0,40.0
2023-05-31,25T,13.0,26.0
2023-06-01,24T,24.4,53.0
2023-06-01,25T,20.2,41.0
2023-06-02,24T,25.2,58.0
2023-06-02,25T,22.6,46.0
2023-06-03,24T,24.5,55.0
2023-06-03,25T,21.3,44.0
2023-06-04,24T,16.7,38.0
2023-06-04,25T,11.1,24.0
2023-06-05,24T,17.2,40.0
2023-06-05,25T,14.8,30.0
2023-06-06,24T,25.7,58.0
2023-06-06,25T,14.1,28.0
2023-06-07,24T,22.7,53.0
2023-06-07,25T,12.6,25.0
2023-06-08,24T,22.3,53.0
2023-06-08,25T,12.0,24.0
2023-06-09,24T,18.4,53.0
2023-06-09,25T,10.9,23.0
2023-06-10,24T,15.9,38.0
2023-06-10,25T,10.2,22.0
2023-06-11,24T,15.2,33.0
2023-06-11,25T,10.3,21.0
2023-06-12,24T,18.3,40.0
2023-06-12,25T,11.9,25.0
2023-06-13,24T,16.3,38.0
2023-06-13,25T,11.8,24.0
2023-06-14,24T,14.7,41.0
2023-06-14,25T,11.1,23.0
2023-06-15,24T,16.1,39.0
2023-06-15,25T,10.9,23.0
2023-06-16,24T,16.4,36.0
2023-06-16,25T,11.3,23.0
2023-06-17,24T,14.8,33.0
2023-06-17,25T,8.2,18.0
2023-06-18,24T,13.2,29.0
2023-06-18,25T,8.1,16.0
2023-06-19,24T,15.5,36.0
2023-06-19,25T,11.4,24.0
2023-06-20,24T,18.7,39.0
2023-06-20,25T,12.6,25.0
2023-06-21,24T,20.8,42.0
2023-06-21,25T,13.7,28.0
2023-06-22,24T,24.6,52.0
2023-06-22,25T,15.9,32.0
2023-06-23,24T,26.8,62.0
2023-06-23,25T,18.3,36.0
2023-06-24,24T,19.7,45.0
2023-06-24,25T,11.2,23.0
2023-06-25,24T,19.1,52.0
2023-06-25,25T,12.8,26.0
2023-06-26,24T,19.2,43.0
2023-06-26,25T,10.8,22.0
2023-06-27,24T,22.7,61.0
2023-06-27,25T,10.9,21.0
2023-06-28,24T,23.9,54.0
2023-06-28,25T,14.0,27.0
2023-06-29,24T,25.3,58.0
2023-06-29,25T,13.1,24.0
2023-06-30,24T,17.0,
2023-06-30,25T,13.5,26.0
2023-07-01,24T,13.3,
2023-07-01,25T,9.7,18.0
2023-07-02,24T,10.6,
2023-07-02,25T,8.2,16.0
2023-07-03,24T,11.8,
2023-07-03,25T,9.7,20.0
2023-07-04,24T,20.8,
2023-07-04,25T,10.4,20.0
2023-07-05,24T,25.1,
2023-07-05,25T,12.9,26.0
2023-07-06,24T,24.3,
2023-07-06,25T,12.1,25.0
2023-07-07,24T,26.5,
2023-07-07,25T,13.5,26.0
2023-07-08,24T,14.8,
2023-07-08,25T,11.4,22.0
2023-07-09,24T,14.8,
2023-07-09,25T,9.8,18.0
2023-07-10,24T,15.7,
2023-07-10,25T,7.6,15.0
2023-07-11,24T,22.9,
2023-07-11,25T,10.4,21.0
2023-07-12,24T,25.6,
2023-07-12,25T,14.2,29.0
2023-07-13,24T,25.7,
2023-07-13,25T,14.9,30.0
2023-07-14,24T,23.2,
2023-07-14,25T,13.5,26.0
2023-07-15,24T,19.6,
2023-07-15,25T,14.7,31.0
2023-07-16,24T,19.2,
2023-07-16,25T,16.5,33.0
2023-07-17,24T,14.5,
2023-07-17,25T,9.3,19.0
2023-07-18,24T,21.1,42.0
2023-07-18,25T,11.3,24.0
2023-07-19,24T,18.3,37.0
2023-07-19,25T,12.9,27.0
2023-07-20,24T,23.5,52.0
2023-07-20,25T,17.5,35.0
2023-07-21,24T,27.0,64.0
2023-07-21,25T,16.6,32.0
2023-07-22,24T,20.0,43.0
2023-07-22,25T,11.0,22.0
2023-07-23,24T,32.4,66.0
2023-07-23,25T,15.7,30.0
2023-07-24,24T,21.8,49.0
2023-07-24,25T,10.7,22.0
2023-07-25,24T,19.6,43.0
2023-07-25,25T,9.8,21.0
2023-07-26,24T,26.8,58.0
2023-07-26,25T,14.5,29.0
2023-07-27,24T,23.3,49.0
2023-07-27,25T,12.9,28.0
2023-07-28,24T,20.1,41.0
2023-07-28,25T,11.4,23.0
2023-07-29,24T,18.8,37.0
2023-07-29,25T,12.3,24.0
2023-07-30,24T,16.2,32.0
2023-07-30,25T,11.3,21.0
2023-07-31,24T,18.9,38.0
2023-07-31,25T,12.1,24.0
2023-08-01,24T,24.0,45.0
2023-08-01,25T,15.7,33.0
2023-08-02,24T,25.0,47.0
2023-08-02,25T,17.2,34.0
2023-08-03,24T,20.3,42.0
2023-08-03,25T,15.9,33.0
2023-08-04,24T,17.4,36.0
2023-08-04,25T,14.0,29.0
2023-08-05,24T,25.0,45.0
2023-08-05,25T,17.1,35.0
2023-08-06,24T,24.6,53.0
2023-08-06,25T,15.9,32.0
2023-08-07,24T,25.0,51.0
2023-08-07,25T,17.5,36.0
2023-08-08,24T,24.8,47.0
2023-08-08,25T,15.1,31.0
2023-08-09,24T,21.0,45.0
2023-08-09,25T,13.4,26.0
2023-08-10,24T,24.2,46.0
2023-08-10,25T,15.5,31.0
2023-08-11,24T,30.1,65.0
2023-08-11,25T,18.4,37.0
2023-08-12,24T,26.2,57.0
2023-08-12,25T,16.7,34.0
2023-08-13,24T,23.0,49.0
2023-08-13,25T,16.5,33.0
2023-08-14,24T,26.9,57.0
2023-08-14,25T,19.4,39.0
2023-08-15,24T,23.4,52.0
2023-08-15,25T,,
2023-08-16,24T,22.9,45.0
2023-08-16,25T,,
2023-08-17,24T,25.4,50.0
2023-08-17,25T,,
2023-08-18,24T,31.6,68.0
2023-08-18,25T,20.8,
2023-08-19,24T,33.0,71.0
2023-08-19,25T,21.5,41.0
2023-08-20,24T,27.2,59.0
2023-08-20,25T,25.1,39.0
2023-08-21,24T,25.5,50.0
2023-08-21,25T,11.5,21.0
2023-08-22,24T,22.5,37.0
2023-08-22,25T,13.7,23.0
2023-08-23,24T,21.4,39.0
2023-08-23,25T,13.3,25.0
2023-08-24,24T,21.6,46.0
2023-08-24,25T,11.5,21.0
2023-08-25,24T,20.5,43.0
2023-08-25,25T,13.0,25.0
2023-08-26,24T,27.1,57.0
2023-08-26,25T,16.4,28.0
2023-08-27,24T,26.1,53.0
2023-08-27,25T,21.7,36.0
2023-08-28,24T,27.3,56.0
2023-08-28,25T,22.5,40.0
2023-08-29,24T,24.5,52.0
2023-08-29,25T,20.6,
2023-08-30,24T,20.7,52.0
2023-08-30,25T,15.7,
2023-08-31,24T,22.9,53.0
2023-08-31,25T,14.8,28.0
2023-09-01,24T,29.1,60.0
2023-09-01,25T,19.4,33.0
2023-09-02,24T,25.3,58.0
2023-09-02,25T,17.7,30.0
2023-09-03,24T,25.3,57.0
2023-09-03,25T,18.9,33.0
2023-09-04,24T,21.5,40.0
2023-09-04,25T,13.7,23.0
2023-09-05,24T,17.5,33.0
2023-09-05,25T,11.8,20.0
2023-09-06,24T,18.3,42.0
2023-09-06,25T,15.1,27.0
2023-09-07,24T,23.6,50.0
2023-09-07,25T,14.7,28.0
2023-09-08,24T,28.9,57.0
2023-09-08,25T,16.3,30.0
2023-09-09,24T,27.7,56.0
2023-09-09,25T,13.4,24.0
2023-09-10,24T,19.6,40.0
2023-09-10,25T,7.3,14.0
2023-09-11,24T,13.8,34.0
2023-09-11,25T,8.9,16.0
2023-09-12,24T,18.3,39.0
2023-09-12,25T,10.2,21.0
2023-09-13,24T,24.1,58.0
2023-09-13,25T,15.9,27.0
2023-09-14,24T,19.7,46.0
2023-09-14,25T,15.0,29.0
2023-09-15,24T,19.5,37.0
2023-09-15,25T,11.0,21.0
2023-09-16,24T,21.6,44.0
2023-09-16,25T,10.5,19.0
2023-09-17,24T,17.6,42.0
2023-09-17,25T,8.2,14.0
2023-09-18,24T,18.1,42.0
2023-09-18,25T,7.0,13.0
2023-09-19,24T,29.6,85.0
2023-09-19,25T,14.3,31.0
2023-09-20,24T,35.4,92.0
2023-09-20,25T,14.6,32.0
2023-09-21,24T,28.3,53.0
2023-09-21,25T,12.6,26.0
2023-09-22,24T,22.0,51.0
2023-09-22,25T,13.4,28.0
2023-09-23,24T,30.9,66.0
2023-09-23,25T,18.0,29.0
2023-09-24,24T,33.5,66.0
2023-09-24,25T,18.3,28.0
2023-09-25,24T,35.5,69.0
2023-09-25,25T,19.8,35.0
2023-09-26,24T,32.2,61.0
2023-09-26,25T,17.4,34.0
2023-09-27,24T,19.7,44.0
2023-09-27,25T,11.8,19.0
2023-09-28,24T,22.2,43.0
2023-09-28,25T,6.8,12.0
2023-09-29,24T,18.6,43.0
2023-09-29,25T,7.5,14.0
2023-09-30,24T,,
2023-09-30,25T,9.8,21.0
2023-10-01,24T,,
2023-10-01,25T,11.6,21.0
2023-10-02,24T,,
2023-10-02,25T,15.6,25.0
2023-10-03,24T,26.7,78.0
2023-10-03,25T,16.0,27.0
2023-10-04,24T,20.7,42.0
2023-10-04,25T,10.2,20.0
2023-10-05,24T,24.7,
2023-10-05,25T,16.2,30.0
2023-10-06,24T,15.7,
2023-10-06,25T,11.4,22.0
2023-10-07,24T,14.6,
2023-10-07,25T,9.6,17.0
2023-10-08,24T,15.5,
2023-10-08,25T,8.5,17.0
2023-10-09,24T,24.4,
2023-10-09,25T,17.0,28.0
2023-10-10,24T,26.0,
2023-10-10,25T,17.6,33.0
2023-10-11,24T,19.7,
2023-10-11,25T,11.0,29.0
2023-10-12,24T,22.9,
2023-10-12,25T,14.4,36.0
2023-10-13,24T,22.6,
2023-10-13,25T,17.3,34.0
2023-10-14,24T,19.8,
2023-10-14,25T,14.9,34.0
2023-10-15,24T,26.6,
2023-10-15,25T,21.9,42.0
2023-10-16,24T,30.1,
2023-10-16,25T,23.0,45.0
2023-10-17,24T,42.6,
2023-10-17,25T,28.1,49.0
2023-10-18,24T,46.2,
2023-10-18,25T,30.8,50.0
2023-10-19,24T,35.8,
2023-10-19,25T,20.7,32.0
2023-10-20,24T,48.8,190.0
2023-10-20,25T,29.8,49.0
2023-10-21,24T,31.6,108.0
2023-10-21,25T,23.2,41.0
2023-10-22,24T,19.6,67.0
2023-10-22,25T,16.9,35.0
2023-10-23,24T,28.2,116.0
2023-10-23,25T,19.3,47.0
2023-10-24,24T,29.9,130.0
2023-10-24,25T,16.7,36.0
2023-10-25,24T,28.8,124.0
2023-10-25,25T,18.2,39.0
2023-10-26,24T,29.8,117.0
2023-10-26,25T,17.6,34.0
2023-10-27,24T,30.5,100.0
2023-10-27,25T,19.0,32.0
2023-10-28,24T,44.8,165.0
2023-10-28,25T,26.2,49.0
2023-10-29,24T,27.0,111.0
2023-10-29,25T,23.7,46.0
2023-10-30,24T,21.6,104.0
2023-10-30,25T,14.1,35.0
2023-10-31,24T,14.8,55.0
2023-10-31,25T,11.9,28.0
2023-11-01,24T,17.4,35.0
2023-11-01,25T,18.7,41.0
2023-11-02,24T,22.0,40.0
2023-11-02,25T,22.9,44.0
2023-11-03,24T,37.1,59.0
2023-11-03,25T,27.6,54.0
2023-11-04,24T,32.7,50.0
2023-11-04,25T,21.9,40.0
2023-11-05,24T,31.3,48.0
2023-11-05,25T,19.2,35.0
2023-11-06,24T,23.1,45.0
2023-11-06,25T,15.4,35.0
2023-11-07,24T,18.1,44.0
2023-11-07,25T,16.5,34.0
2023-11-08,24T,34.5,61.0
2023-11-08,25T,18.5,43.0
2023-11-09,24T,32.3,62.0
2023-11-09,25T,20.1,41.0
2023-11-10,24T,42.0,78.0
2023-11-10,25T,16.4,37.0
2023-11-11,24T,25.6,52.0
2023-11-11,25T,15.5,33.0
2023-11-12,24T,23.3,42.0
2023-11-12,25T,15.5,31.0
2023-11-13,24T,25.9,53.0
2023-11-13,25T,13.4,29.0
2023-11-14,24T,19.3,37.0
2023-11-14,25T,13.1,29.0
2023-11-15,24T,17.8,31.0
2023-11-15,25T,12.0,32.0
2023-11-16,24T,16.7,29.0
2023-11-16,25T,11.5,27.0
2023-11-17,24T,23.0,37.0
2023-11-17,25T,14.4,44.0
2023-11-18,24T,25.4,41.0
2023-11-18,25T,23.0,70.0
2023-11-19,24T,25.4,40.0
2023-11-19,25T,24.3,60.0
2023-11-20,24T,30.5,47.0
2023-11-20,25T,26.2,63.0
2023-11-21,24T,30.7,47.0
2023-11-21,25T,27.3,61.0
2023-11-22,24T,37.8,55.0
2023-11-22,25T,32.6,72.0
2023-11-23,24T,32.5,47.0
2023-11-23,25T,26.4,55.0
2023-11-24,24T,21.1,41.0
2023-11-24,25T,18.6,47.0
2023-11-25,24T,23.9,35.0
2023-11-25,25T,20.8,51.0
2023-11-26,24T,21.5,32.0
2023-11-26,25T,24.7,54.0
2023-11-27,24T,20.4,36.0
2023-11-27,25T,17.4,40.0
2023-11-28,24T,24.6,40.0
2023-11-28,25T,31.5,63.0
2023-11-29,24T,27.7,40.0
2023-11-29,25T,34.9,67.0
2023-11-30,24T,24.5,37.0
2023-11-30,25T,32.2,60.0
2023-12-01,24T,25.3,38.0
2023-12-01,25T,21.7,
2023-12-02,24T,20.9,33.0
2023-12-02,25T,15.0,
2023-12-03,24T,15.8,27.0
2023-12-03,25T,14.6,
2023-12-04,24T,24.3,33.0
2023-12-04,25T,18.9,
2023-12-05,24T,25.1,38.0
2023-12-05,25T,22.2,
2023-12-06,24T,30.1,49.0
2023-12-06,25T,21.9,
2023-12-07,24T,22.1,34.0
2023-12-07,25T,11.8,
2023-12-08,24T,,45.0
2023-12-08,25T,30.1,
2023-12-09,24T,,69.0
2023-12-09,25T,44.5,
2023-12-10,24T,,60.0
2023-12-10,25T,38.3,
2023-12-11,24T,,64.0
2023-12-11,25T,37.9,
2023-12-12,24T,,82.0
2023-12-12,25T,38.1,
2023-12-13,24T,48.5,69.0
2023-12-13,25T,28.0,
2023-12-14,24T,,59.0
2023-12-14,25T,30.9,
2023-12-15,24T,55.5,85.0
2023-12-15,25T,32.2,
2023-12-16,24T,59.0,83.0
2023-12-16,25T,34.7,
2023-12-17,24T,24.1,41.0
2023-12-17,25T,20.4,
2023-12-18,24T,20.6,42.0
2023-12-18,25T,21.2,
2023-12-19,24T,27.4,47.0
2023-12-19,25T,22.2,
2023-12-20,24T,24.2,40.0
2023-12-20,25T,18.8,
2023-12-21,24T,19.1,37.0
2023-12-21,25T,15.7,
2023-12-22,24T,21.8,48.0
2023-12-22,25T,17.1,
2023-12-23,24T,27.7,
2023-12-23,25T,,
2023-12-24,24T,,36.0
2023-12-24,25T,22.5,
2023-12-25,24T,,42.0
2023-12-25,25T,34.9,
2023-12-26,24T,,49.0
2023-12-26,25T,34.5,
2023-12-27,24T,30.6,53.0
2023-12-27,25T,27.5,
2023-12-28,24T,30.5,49.0
2023-12-28,25T,28.2,
2023-12-29,24T,23.4,31.0
2023-12-29,25T,25.0,
2023-12-30,24T,21.5,25.0
2023-12-30,25T,25.5,
2023-12-31,24T,26.2,23.0
2023-12-31,25T,25.6,
2024-01-01,24T,20.7,21.0
2024-01-01,25T,27.1,46.0
2024-01-02,24T,23.8,28.0
2024-01-02,25T,26.3,51.0
2024-01-03,24T,30.8,41.0
2024-01-03,25T,29.4,56.0
2024-01-04,24T,27.7,53.0
2024-01-04,25T,25.8,58.0
2024-01-05,24T,30.5,52.0
2024-01-05,25T,25.6,60.0
2024-01-06,24T,37.7,57.0
2024-01-06,25T,37.3,70.0
2024-01-07,24T,33.4,49.0
2024-01-07,25T,35.3,71.0
2024-01-08,24T,49.9,71.0
2024-01-08,25T,43.2,82.0
2024-01-09,24T,63.1,84.0
2024-01-09,25T,41.3,79.0
2024-01-10,24T,63.7,84.0
2024-01-10,25T,45.4,81.0
2024-01-11,24T,64.1,77.0
2024-01-11,25T,42.7,73.0
2024-01-12,24T,59.5,65.0
2024-01-12,25T,38.3,66.0
2024-01-13,24T,44.5,52.0
2024-01-13,25T,33.1,61.0
2024-01-14,24T,32.0,52.0
2024-01-14,25T,37.1,75.0
2024-01-15,24T,33.4,58.0
2024-01-15,25T,26.8,64.0
2024-01-16,24T,37.1,72.0
2024-01-16,25T,32.4,71.0
2024-01-17,24T,48.6,77.0
2024-01-17,25T,33.4,76.0
2024-01-18,24T,55.4,94.0
2024-01-18,25T,39.5,84.0
2024-01-19,24T,71.8,112.0
2024-01-19,25T,47.5,95.0
2024-01-20,24T,62.7,106.0
2024-01-20,25T,46.3,81.0
2024-01-21,24T,58.4,75.0
2024-01-21,25T,41.4,75.0
2024-01-22,24T,58.5,81.0
2024-01-22,25T,46.4,84.0
2024-01-23,24T,55.8,127.0
2024-01-23,25T,46.1,90.0
2024-01-24,24T,46.2,158.0
2024-01-24,25T,18.8,64.0
2024-01-25,24T,42.5,126.0
2024-01-25,25T,20.7,53.0
2024-01-26,24T,38.9,119.0
2024-01-26,25T,26.0,59.0
2024-01-27,24T,49.3,135.0
2024-01-27,25T,39.4,78.0
2024-01-28,24T,53.8,135.0
2024-01-28,25T,43.8,81.0
2024-01-29,24T,48.5,131.0
2024-01-29,25T,32.4,74.0
2024-01-30,24T,57.8,149.0
2024-01-30,25T,47.1,87.0
2024-01-31,24T,69.6,230.0
2024-01-31,25T,50.7,90.0
2024-02-01,24T,96.8,263.0
2024-02-01,25T,64.3,112.0
2024-02-02,24T,74.4,156.0
2024-02-02,25T,31.8,58.0
2024-02-03,24T,44.5,123.0
2024-02-03,25T,27.2,53.0
2024-02-04,24T,40.8,128.0
2024-02-04,25T,25.5,49.0
2024-02-05,24T,56.8,240.0
2024-02-05,25T,37.6,68.0
2024-02-06,24T,55.8,191.0
2024-02-06,25T,39.0,70.0
2024-02-07,24T,55.3,170.0
2024-02-07,25T,33.4,60.0
2024-02-08,24T,46.3,155.0
2024-02-08,25T,31.6,57.0
2024-02-09,24T,36.2,108.0
2024-02-09,25T,29.1,49.0
2024-02-10,24T,34.1,126.0
2024-02-10,25T,32.1,74.0
2024-02-11,24T,31.4,113.0
2024-02-11,25T,32.4,90.0
2024-02-12,24T,48.9,156.0
2024-02-12,25T,40.8,85.0
2024-02-13,24T,55.4,204.0
2024-02-13,25T,53.9,112.0
2024-02-14,24T,75.2,241.0
2024-02-14,25T,71.5,126.0
2024-02-15,24T,92.1,267.0
2024-02-15,25T,86.6,142.0
2024-02-16,24T,72.7,220.0
2024-02-16,25T,53.8,100.0
2024-02-17,24T,43.2,115.0
2024-02-17,25T,33.3,57.0
2024-02-18,24T,23.0,82.0
2024-02-18,25T,22.7,48.0
2024-02-19,24T,29.1,90.0
2024-02-19,25T,21.4,47.0
2024-02-20,24T,19.4,63.0
2024-02-20,25T,17.5,
2024-02-21,24T,23.1,83.0
2024-02-21,25T,19.6,
2024-02-22,24T,28.8,79.0
2024-02-22,25T,20.6,
2024-02-23,24T,26.7,74.0
2024-02-23,25T,22.8,
2024-02-24,24T,23.4,71.0
2024-02-24,25T,24.0,
2024-02-25,24T,,95.0
2024-02-25,25T,23.5,
2024-02-26,24T,52.0,164.0
2024-02-26,25T,35.5,
2024-02-27,24T,69.2,167.0
2024-02-27,25T,45.0,
2024-02-28,24T,55.2,123.0
2024-02-28,25T,36.4,64.0
2024-02-29,24T,37.1,84.0
2024-02-29,25T,24.3,45.0
2024-03-01,24T,35.9,100.0
2024-03-01,25T,27.6,54.0
2024-03-02,24T,54.3,155.0
2024-03-02,25T,28.8,53.0
2024-03-03,24T,52.6,128.0
2024-03-03,25T,37.2,61.0
2024-03-04,24T,43.0,95.0
2024-03-04,25T,27.9,52.0
2024-03-05,24T,37.7,106.0
2024-03-05,25T,25.9,47.0
2024-03-06,24T,41.5,93.0
2024-03-06,25T,29.0,57.0
2024-03-07,24T,40.5,93.0
2024-03-07,25T,30.5,54.0
2024-03-08,24T,35.6,72.0
2024-03-08,25T,29.2,48.0
2024-03-09,24T,36.7,89.0
2024-03-09,25T,28.9,49.0
2024-03-10,24T,29.8,71.0
2024-03-10,25T,24.9,44.0
2024-03-11,24T,44.8,105.0
2024-03-11,25T,35.4,59.0
2024-03-12,24T,53.3,141.0
2024-03-12,25T,31.6,48.0
2024-03-13,24T,36.4,87.0
2024-03-13,25T,26.8,45.0
2024-03-14,24T,38.4,97.0
2024-03-14,25T,24.4,45.0
2024-03-15,24T,37.3,77.0
2024-03-15,25T,27.8,45.0
2024-03-16,24T,34.3,75.0
2024-03-16,25T,24.9,42.0
2024-03-17,24T,32.8,68.0
2024-03-17,25T,26.6,46.0
2024-03-18,24T,42.4,90.0
2024-03-18,25T,31.4,49.0
2024-03-19,24T,38.2,86.0
2024-03-19,25T,31.8,48.0
2024-03-20,24T,32.8,96.0
2024-03-20,25T,,51.0
2024-03-21,24T,34.2,105.0
2024-03-21,25T,27.6,59.0
2024-03-22,24T,69.2,169.0
2024-03-22,25T,47.8,76.0
2024-03-23,24T,37.2,75.0
2024-03-23,25T,24.6,40.0
2024-03-24,24T,35.9,71.0
2024-03-24,25T,26.2,44.0
2024-03-25,24T,41.1,96.0
2024-03-25,25T,28.9,45.0
2024-03-26,24T,38.1,124.0
2024-03-26,25T,26.4,51.0
2024-03-27,24T,41.1,115.0
2024-03-27,25T,31.6,56.0
2024-03-28,24T,40.1,99.0
2024-03-28,25T,26.8,48.0
2024-03-29,24T,39.3,85.0
2024-03-29,25T,27.6,47.0
2024-03-30,24T,32.6,75.0
2024-03-30,25T,24.6,40.0
2024-03-31,24T,31.9,63.0
2024-03-31,25T,23.7,39.0
2024-04-01,24T,43.2,92.0
2024-04-01,25T,31.9,56.0
2024-04-02,24T,42.1,85.0
2024-04-02,25T,34.9,57.0
2024-04-03,24T,34.0,79.0
2024-04-03,25T,33.1,54.0
2024-04-04,24T,31.5,82.0
2024-04-04,25T,31.1,51.0
2024-04-05,24T,31.3,83.0
2024-04-05,25T,31.0,54.0
2024-04-06,24T,32.9,80.0
2024-04-06,25T,32.9,50.0
2024-04-07,24T,27.1,66.0
2024-04-07,25T,25.2,44.0
2024-04-08,24T,28.9,71.0
2024-04-08,25T,25.1,43.0
2024-04-09,24T,35.0,103.0
2024-04-09,25T,24.8,45.0
2024-04-10,24T,41.4,136.0
2024-04-10,25T,30.0,53.0
2024-04-11,24T,49.5,137.0
2024-04-11,25T,55.0,88.0
2024-04-12,24T,39.3,89.0
2024-04-12,25T,36.2,55.0
2024-04-13,24T,31.9,73.0
2024-04-13,25T,,44.0
2024-04-14,24T,30.5,64.0
2024-04-14,25T,,48.0
2024-04-15,24T,27.2,57.0
2024-04-15,25T,26.6,45.0
2024-04-16,24T,25.5,53.0
2024-04-16,25T,24.9,40.0
2024-04-17,24T,25.8,56.0
2024-04-17,25T,25.5,42.0
2024-04-18,24T,29.4,64.0
2024-04-18,25T,27.2,46.0
2024-04-19,24T,29.2,68.0
2024-04-19,25T,29.5,48.0
2024-04-20,24T,40.0,84.0
2024-04-20,25T,41.3,64.0
2024-04-21,24T,44.0,99.0
2024-04-21,25T,45.6,76.0
2024-04-22,24T,45.5,88.0
2024-04-22,25T,39.0,62.0
2024-04-23,24T,32.2,75.0
2024-04-23,25T,29.6,47.0
2024-04-24,24T,26.1,68.0
2024-04-24,25T,21.1,40.0
2024-04-25,24T,25.3,66.0
2024-04-25,25T,20.5,36.0
2024-04-26,24T,22.2,55.0
2024-04-26,25T,19.1,36.0
2024-04-27,24T,24.4,63.0
2024-04-27,25T,22.7,39.0
2024-04-28,24T,18.9,50.0
2024-04-28,25T,19.5,32.0
2024-04-29,24T,21.5,57.0
2024-04-29,25T,18.6,33.0
2024-04-30,24T,29.7,66.0
2024-04-30,25T,24.7,45.0
2024-05-01,24T,34.1,76.0
2024-05-01,25T,36.9,60.0
2024-05-02,24T,38.7,79.0
2024-05-02,25T,37.5,61.0
2024-05-03,24T,36.5,77.0
2024-05-03,25T,36.2,57.0
2024-05-04,24T,34.1,76.0
2024-05-04,25T,32.3,55.0
2024-05-05,24T,34.4,73.0
2024-05-05,25T,33.4,55.0
2024-05-06,24T,38.7,99.0
2024-05-06,25T,32.7,55.0
2024-05-07,24T,27.5,78.0
2024-05-07,25T,19.4,42.0
2024-05-08,24T,45.8,159.0
2024-05-08,25T,21.4,47.0
2024-05-09,24T,44.4,151.0
2024-05-09,25T,17.5,
2024-05-10,24T,37.9,119.0
2024-05-10,25T,20.7,
2024-05-11,24T,29.9,106.0
2024-05-11,25T,16.9,
2024-05-12,24T,35.6,134.0
2024-05-12,25T,21.1,
2024-05-13,24T,36.0,99.0
2024-05-13,25T,19.6,
2024-05-14,24T,29.6,113.0
2024-05-14,25T,13.9,
2024-05-15,24T,45.1,170.0
2024-05-15,25T,22.2,
2024-05-16,24T,44.0,111.0
2024-05-16,25T,24.5,
2024-05-17,24T,40.1,119.0
2024-05-17,25T,20.2,
2024-05-18,24T,35.6,100.0
2024-05-18,25T,18.2,29.0
2024-05-19,24T,20.9,61.0
2024-05-19,25T,13.0,23.0
2024-05-20,24T,25.6,79.0
2024-05-20,25T,13.8,25.0
2024-05-21,24T,25.2,81.0
2024-05-21,25T,10.9,23.0
2024-05-22,24T,21.8,94.0
2024-05-22,25T,12.4,28.0
2024-05-23,24T,17.7,53.0
2024-05-23,25T,11.1,19.0
2024-05-24,24T,19.8,82.0
2024-05-24,25T,8.8,18.0
2024-05-25,24T,18.0,67.0
2024-05-25,25T,9.6,22.0
2024-05-26,24T,20.0,59.0
2024-05-26,25T,10.6,22.0
2024-05-27,24T,20.9,83.0
2024-05-27,25T,10.4,24.0
2024-05-28,24T,16.4,50.0
2024-05-28,25T,13.2,31.0
2024-05-29,24T,16.0,53.0
2024-05-29,25T,15.3,32.0
2024-05-30,24T,19.4,60.0
2024-05-30,25T,,30.0
2024-05-31,24T,12.9,41.0
2024-05-31,25T,9.8,19.0
2024-06-01,24T,15.2,42.0
2024-06-01,25T,9.3,20.0
2024-06-02,24T,16.5,43.0
2024-06-02,25T,12.8,28.0
2024-06-03,24T,19.1,49.0
2024-06-03,25T,13.8,28.0
2024-06-04,24T,20.2,56.0
2024-06-04,25T,17.3,36.0
2024-06-05,24T,13.8,38.0
2024-06-05,25T,,
2024-06-06,24T,19.0,59.0
2024-06-06,25T,11.5,
2024-06-07,24T,18.0,54.0
2024-06-07,25T,15.1,
2024-06-08,24T,18.3,55.0
2024-06-08,25T,14.8,
2024-06-09,24T,15.0,36.0
2024-06-09,25T,12.8,
2024-06-10,24T,15.7,41.0
2024-06-10,25T,9.0,
2024-06-11,24T,19.4,54.0
2024-06-11,25T,10.5,
2024-06-12,24T,15.6,44.0
2024-06-12,25T,11.7,
2024-06-13,24T,18.2,55.0
2024-06-13,25T,19.3,
2024-06-14,24T,19.4,59.0
2024-06-14,25T,13.7,
2024-06-15,24T,20.4,63.0
2024-06-15,25T,14.2,
2024-06-16,24T,17.9,51.0
2024-06-16,25T,13.6,
2024-06-17,24T,21.1,67.0
2024-06-17,25T,11.2,
2024-06-18,24T,21.4,54.0
2024-06-18,25T,15.1,
2024-06-19,24T,22.2,62.0
2024-06-19,25T,14.3,
2024-06-20,24T,18.8,66.0
2024-06-20,25T,10.9,
2024-06-21,24T,16.2,49.0
2024-06-21,25T,11.2,
2024-06-22,24T,14.4,40.0
2024-06-22,25T,9.0,
2024-06-23,24T,18.3,40.0
2024-06-23,25T,18.7,
2024-06-24,24T,16.6,48.0
2024-06-24,25T,,
2024-06-25,24T,13.9,33.0
2024-06-25,25T,,
2024-06-26,24T,19.4,71.0
2024-06-26,25T,,
2024-06-27,24T,18.7,55.0
2024-06-27,25T,,
2024-06-28,24T,21.8,51.0
2024-06-28,25T,,
2024-06-29,24T,20.8,72.0
2024-06-29,25T,13.3,
2024-06-30,24T,17.9,43.0
2024-06-30,25T,15.2,
2024-07-01,24T,19.2,71.0
2024-07-01,25T,12.9,
2024-07-02,24T,27.5,100.0
2024-07-02,25T,17.0,
2024-07-03,24T,25.1,82.0
2024-07-03,25T,16.9,
2024-07-04,24T,19.3,60.0
2024-07-04,25T,12.8,
2024-07-05,24T,19.4,54.0
2024-07-05,25T,15.1,
2024-07-06,24T,19.0,61.0
2024-07-06,25T,14.2,
2024-07-07,24T,20.5,68.0
2024-07-07,25T,13.8,
2024-07-08,24T,20.8,59.0
2024-07-08,25T,13.8,
2024-07-09,24T,23.1,66.0
2024-07-09,25T,15.1,
2024-07-10,24T,23.9,79.0
2024-07-10,25T,13.4,
2024-07-11,24T,18.6,68.0
2024-07-11,25T,10.9,
2024-07-12,24T,15.1,52.0
2024-07-12,25T,11.3,
2024-07-13,24T,16.6,47.0
2024-07-13,25T,11.1,
2024-07-14,24T,16.2,44.0
2024-07-14,25T,13.1,
2024-07-15,24T,23.8,82.0
2024-07-15,25T,13.0,
2024-07-16,24T,22.0,87.0
2024-07-16,25T,12.5,
2024-07-17,24T,19.3,63.0
2024-07-17,25T,11.7,
2024-07-18,24T,19.1,73.0
2024-07-18,25T,11.9,
2024-07-19,24T,18.0,47.0
2024-07-19,25T,13.7,
2024-07-20,24T,15.1,44.0
2024-07-20,25T,14.8,
2024-07-21,24T,18.9,56.0
2024-07-21,25T,15.9,
2024-07-22,24T,19.3,53.0
2024-07-22,25T,16.5,
2024-07-23,24T,20.0,55.0
2024-07-23,25T,17.8,
2024-07-24,24T,13.8,32.0
2024-07-24,25T,14.4,
2024-07-25,24T,11.7,30.0
2024-07-25,25T,12.3,
2024-07-26,24T,15.4,37.0
2024-07-26,25T,14.4,
2024-07-27,24T,19.1,54.0
2024-07-27,25T,13.4,
2024-07-28,24T,16.0,56.0
2024-07-28,25T,11.7,
2024-07-29,24T,17.1,54.0
2024-07-29,25T,12.2,
2024-07-30,24T,17.7,50.0
2024-07-30,25T,14.1,
2024-07-31,24T,22.3,72.0
2024-07-31,25T,15.0,
2024-08-01,24T,22.7,83.0
2024-08-01,25T,13.3,
2024-08-02,24T,18.9,83.0
2024-08-02,25T,14.9,
2024-08-03,24T,23.7,64.0
2024-08-03,25T,18.2,
2024-08-04,24T,15.5,69.0
2024-08-04,25T,11.1,
2024-08-05,24T,18.1,47.0
2024-08-05,25T,12.9,
2024-08-06,24T,24.8,60.0
2024-08-06,25T,15.0,
2024-08-07,24T,20.8,79.0
2024-08-07,25T,13.3,
2024-08-08,24T,31.1,65.0
2024-08-08,25T,15.8,
2024-08-09,24T,37.4,119.0
2024-08-09,25T,21.1,
2024-08-10,24T,29.7,105.0
2024-08-10,25T,17.9,
2024-08-11,24T,21.4,63.0
2024-08-11,25T,13.5,
2024-08-12,24T,21.4,63.0
2024-08-12,25T,12.7,
2024-08-13,24T,19.9,53.0
2024-08-13,25T,12.9,
2024-08-14,24T,29.1,57.0
2024-08-14,25T,15.0,
2024-08-15,24T,23.2,95.0
2024-08-15,25T,14.6,
2024-08-16,24T,23.4,55.0
2024-08-16,25T,15.2,
2024-08-17,24T,20.5,57.0
2024-08-17,25T,16.3,
2024-08-18,24T,22.6,57.0
2024-08-18,25T,14.9,
2024-08-19,24T,26.0,66.0
2024-08-19,25T,17.6,
2024-08-20,24T,30.6,82.0
2024-08-20,25T,13.2,
2024-08-21,24T,25.5,114.0
2024-08-21,25T,15.3,
2024-08-22,24T,29.2,93.0
2024-08-22,25T,17.8,
2024-08-23,24T,22.9,90.0
2024-08-23,25T,13.6,
2024-08-24,24T,26.8,74.0
2024-08-24,25T,17.2,
2024-08-25,24T,22.7,87.0
2024-08-25,25T,14.1,
2024-08-26,24T,28.7,87.0
2024-08-26,25T,15.4,
2024-08-27,24T,26.9,103.0
2024-08-27,25T,15.9,
2024-08-28,24T,23.8,75.0
2024-08-28,25T,12.0,
2024-08-29,24T,22.9,85.0
2024-08-29,25T,11.8,
2024-08-30,24T,19.3,96.0
2024-08-30,25T,14.6,
2024-08-31,24T,19.4,71.0
2024-08-31,25T,16.5,
2024-09-01,24T,17.4,49.0
2024-09-01,25T,14.0,
2024-09-02,24T,27.7,99.0
2024-09-02,25T,16.3,
2024-09-03,24T,22.5,72.0
2024-09-03,25T,12.9,
2024-09-04,24T,15.2,49.0
2024-09-04,25T,11.0,
2024-09-05,24T,20.8,66.0
2024-09-05,25T,17.4,
2024-09-06,24T,22.0,67.0
2024-09-06,25T,17.9,
2024-09-07,24T,20.9,68.0
2024-09-07,25T,17.3,
2024-09-08,24T,21.8,55.0
2024-09-08,25T,19.6,
2024-09-09,24T,21.2,49.0
2024-09-09,25T,20.0,
2024-09-10,24T,24.9,58.0
2024-09-10,25T,19.7,
2024-09-11,24T,22.9,79.0
2024-09-11,25T,16.9,
2024-09-12,24T,26.4,94.0
2024-09-12,25T,14.7,
2024-09-13,24T,24.3,85.0
2024-09-13,25T,14.8,
2024-09-14,24T,20.7,61.0
2024-09-14,25T,16.2,
2024-09-15,24T,21.7,69.0
2024-09-15,25T,15.3,
2024-09-16,24T,34.5,121.0
2024-09-16,25T,21.6,
2024-09-17,24T,40.8,144.0
2024-09-17,25T,25.2,
2024-09-18,24T,34.9,
2024-09-18,25T,16.5,
2024-09-19,24T,28.8,148.0
2024-09-19,25T,17.8,
2024-09-20,24T,40.0,152.0
2024-09-20,25T,20.8,
2024-09-21,24T,23.7,70.0
2024-09-21,25T,17.7,
2024-09-22,24T,17.3,46.0
2024-09-22,25T,15.5,
2024-09-23,24T,23.6,75.0
2024-09-23,25T,19.4,
2024-09-24,24T,25.6,98.0
2024-09-24,25T,15.3,
2024-09-25,24T,33.5,163.0
2024-09-25,25T,9.7,37.0
2024-09-26,24T,41.1,180.0
2024-09-26,25T,15.3,45.0
2024-09-27,24T,41.5,169.0
2024-09-27,25T,13.3,
2024-09-28,24T,34.3,126.0
2024-09-28,25T,15.3,36.0
2024-09-29,24T,29.2,83.0
2024-09-29,25T,13.9,32.0
2024-09-30,24T,21.6,67.0
2024-09-30,25T,9.7,30.0
2024-10-01,24T,18.7,77.0
2024-10-01,25T,6.2,22.0
2024-10-02,24T,26.1,116.0
2024-10-02,25T,9.7,30.0
2024-10-03,24T,26.1,129.0
2024-10-03,25T,9.4,39.0
2024-10-04,24T,30.1,135.0
2024-10-04,25T,8.8,30.0
2024-10-05,24T,40.3,149.0
2024-10-05,25T,17.5,53.0
2024-10-06,24T,37.4,122.0
2024-10-06,25T,24.6,62.0
2024-10-07,24T,39.7,135.0
2024-10-07,25T,22.7,55.0
2024-10-08,24T,38.0,138.0
2024-10-08,25T,18.8,44.0
2024-10-09,24T,39.7,143.0
2024-10-09,25T,16.0,45.0
2024-10-10,24T,49.6,163.0
2024-10-10,25T,21.3,46.0
2024-10-11,24T,45.2,168.0
2024-10-11,25T,21.0,51.0
2024-10-12,24T,45.8,191.0
2024-10-12,25T,21.3,47.0
2024-10-13,24T,37.3,137.0
2024-10-13,25T,17.7,42.0
2024-10-14,24T,39.2,142.0
2024-10-14,25T,16.9,47.0
2024-10-15,24T,42.2,143.0
2024-10-15,25T,16.2,41.0
2024-10-16,24T,45.4,177.0
2024-10-16,25T,16.5,39.0
2024-10-17,24T,46.5,183.0
2024-10-17,25T,18.0,54.0
2024-10-18,24T,32.5,124.0
2024-10-18,25T,16.4,41.0
2024-10-19,24T,31.1,124.0
2024-10-19,25T,14.4,44.0
2024-10-20,24T,20.8,85.0
2024-10-20,25T,7.8,28.0
2024-10-21,24T,27.8,109.0
2024-10-21,25T,11.1,37.0
2024-10-22,24T,35.3,166.0
2024-10-22,25T,10.4,41.0
2024-10-23,24T,,108.0
2024-10-23,25T,9.5,34.0
2024-10-24,24T,,154.0
2024-10-24,25T,15.9,48.0
2024-10-25,24T,,224.0
2024-10-25,25T,21.2,58.0
2024-10-26,24T,,194.0
2024-10-26,25T,25.1,58.0
2024-10-27,24T,41.5,171.0
2024-10-27,25T,24.0,54.0
2024-10-28,24T,28.2,109.0
2024-10-28,25T,15.3,46.0
2024-10-29,24T,35.5,149.0
2024-10-29,25T,15.2,45.0
2024-10-30,24T,37.8,149.0
2024-10-30,25T,18.2,43.0
2024-10-31,24T,46.2,200.0
2024-10-31,25T,19.6,50.0
2024-11-01,24T,47.4,208.0
2024-11-01,25T,21.3,50.0
2024-11-02,24T,43.1,154.0
2024-11-02,25T,25.5,62.0
2024-11-03,24T,29.9,90.0
2024-11-03,25T,23.3,58.0
2024-11-04,24T,32.3,101.0
2024-11-04,25T,22.0,56.0
2024-11-05,24T,23.6,93.0
2024-11-05,25T,11.9,37.0
2024-11-06,24T,23.1,90.0
2024-11-06,25T,12.3,41.0
2024-11-07,24T,29.7,95.0
2024-11-07,25T,19.6,46.0
2024-11-08,24T,29.7,99.0
2024-11-08,25T,18.8,51.0
2024-11-09,24T,35.3,118.0
2024-11-09,25T,24.1,58.0
2024-11-10,24T,41.1,122.0
2024-11-10,25T,34.3,72.0
2024-11-11,24T,42.9,149.0
2024-11-11,25T,23.1,55.0
2024-11-12,24T,48.5,173.0
2024-11-12,25T,28.0,67.0
2024-11-13,24T,53.8,196.0
2024-11-13,25T,26.4,65.0
2024-11-14,24T,52.5,182.0
2024-11-14,25T,22.1,50.0
2024-11-15,24T,40.6,158.0
2024-11-15,25T,20.6,46.0
2024-11-16,24T,45.3,167.0
2024-11-16,25T,22.9,52.0
2024-11-17,24T,34.5,133.0
2024-11-17,25T,16.7,47.0
2024-11-18,24T,34.2,130.0
2024-11-18,25T,16.3,46.0
2024-11-19,24T,25.5,103.0
2024-11-19,25T,16.8,49.0
2024-11-20,24T,30.3,114.0
2024-11-20,25T,14.8,46.0
2024-11-21,24T,26.3,102.0
2024-11-21,25T,14.1,41.0
2024-11-22,24T,29.1,113.0
2024-11-22,25T,13.3,46.0
2024-11-23,24T,24.9,106.0
2024-11-23,25T,10.1,40.0
2024-11-24,24T,26.9,105.0
2024-11-24,25T,10.6,39.0
2024-11-25,24T,27.5,110.0
2024-11-25,25T,11.0,40.0
2024-11-26,24T,29.3,116.0
2024-11-26,25T,13.9,44.0
2024-11-27,24T,25.5,103.0
2024-11-27,25T,13.9,47.0
2024-11-28,24T,21.0,92.0
2024-11-28,25T,12.2,51.0
2024-11-29,24T,24.9,93.0
2024-11-29,25T,16.9,59.0
2024-11-30,24T,32.9,107.0
2024-11-30,25T,21.8,62.0
2024-12-01,24T,44.0,138.0
2024-12-01,25T,30.7,74.0
2024-12-02,24T,67.4,215.0
2024-12-02,25T,40.1,84.0
2024-12-03,24T,63.5,209.0
2024-12-03,25T,32.8,74.0
2024-12-04,24T,54.1,197.0
2024-12-04,25T,22.5,63.0
2024-12-05,24T,37.8,131.0
2024-12-05,25T,24.5,69.0
2024-12-06,24T,40.4,146.0
2024-12-06,25T,22.1,63.0
2024-12-07,24T,48.8,170.0
2024-12-07,25T,22.2,58.0
2024-12-08,24T,32.4,107.0
2024-12-08,25T,16.2,54.0
2024-12-09,24T,32.2,116.0
2024-12-09,25T,17.4,
2024-12-10,24T,51.3,187.0
2024-12-10,25T,23.6,
2024-12-11,24T,55.8,188.0
2024-12-11,25T,26.2,68.0
2024-12-12,24T,31.4,103.0
2024-12-12,25T,14.0,49.0
2024-12-13,24T,31.0,116.0
2024-12-13,25T,11.9,43.0
2024-12-14,24T,25.2,90.0
2024-12-14,25T,9.5,39.0
2024-12-15,24T,18.8,76.0
2024-12-15,25T,10.0,47.0
2024-12-16,24T,25.5,98.0
2024-12-16,25T,15.2,52.0
2024-12-17,24T,42.9,124.0
2024-12-17,25T,25.5,60.0
2024-12-18,24T,59.7,167.0
2024-12-18,25T,26.0,64.0
2024-12-19,24T,45.5,119.0
2024-12-19,25T,25.9,67.0
2024-12-20,24T,48.4,161.0
2024-12-20,25T,27.7,63.0
2024-12-21,24T,49.3,166.0
2024-12-21,25T,27.2,67.0
2024-12-22,24T,39.0,116.0
2024-12-22,25T,24.5,61.0
2024-12-23,24T,45.5,141.0
2024-12-23,25T,30.0,68.0
2024-12-24,24T,40.6,133.0
2024-12-24,25T,23.6,63.0
2024-12-25,24T,42.3,
2024-12-25,25T,25.5,63.0
2024-12-26,24T,50.3,
2024-12-26,25T,31.7,69.0
2024-12-27,24T,35.6,113.0
2024-12-27,25T,19.6,51.0
2024-12-28,24T,25.3,73.0
2024-12-28,25T,14.8,49.0
2024-12-29,24T,20.8,55.0
2024-12-29,25T,16.7,48.0
2024-12-30,24T,29.6,63.0
2024-12-30,25T,31.1,63.0
2024-12-31,24T,37.1,69.0
2024-12-31,25T,27.1,58.0
2025-01-01,24T,33.6,64.0
2025-01-01,25T,34.7,65.0
2025-01-02,24T,44.7,102.0
2025-01-02,25T,35.8,72.0
2025-01-03,24T,40.3,111.0
2025-01-03,25T,27.1,64.0
2025-01-04,24T,46.4,140.0
2025-01-04,25T,34.2,74.0
2025-01-05,24T,51.2,148.0
2025-01-05,25T,34.6,73.0
2025-01-06,24T,71.9,206.0
2025-01-06,25T,43.7,84.0
2025-01-07,24T,80.6,246.0
2025-01-07,25T,58.6,103.0
2025-01-08,24T,92.2,250.0
2025-01-08,25T,71.4,112.0
2025-01-09,24T,71.2,200.0
2025-01-09,25T,53.2,94.0
2025-01-10,24T,35.9,128.0
2025-01-10,25T,24.3,67.0
2025-01-11,24T,27.6,112.0
2025-01-11,25T,19.0,67.0
2025-01-12,24T,37.5,124.0
2025-01-12,25T,30.2,83.0
2025-01-13,24T,56.6,148.0
2025-01-13,25T,31.4,77.0
2025-01-14,24T,79.3,156.0
2025-01-14,25T,43.0,89.0
2025-01-15,24T,99.7,209.0
2025-01-15,25T,37.1,77.0
2025-01-16,24T,31.4,124.0
2025-01-16,25T,14.5,54.0
2025-01-17,24T,51.6,145.0
2025-01-17,25T,23.7,61.0
2025-01-18,24T,67.0,168.0
2025-01-18,25T,38.6,79.0
2025-01-19,24T,77.5,182.0
2025-01-19,25T,43.3,89.0
2025-01-20,24T,80.1,236.0
2025-01-20,25T,45.3,92.0
2025-01-21,24T,89.9,297.0
2025-01-21,25T,54.0,99.0
2025-01-22,24T,95.3,321.0
2025-01-22,25T,61.3,109.0
2025-01-23,24T,103.6,338.0
2025-01-23,25T,77.8,132.0
2025-01-24,24T,103.3,337.0
2025-01-24,25T,81.6,132.0
2025-01-25,24T,96.2,301.0
2025-01-25,25T,56.8,95.0
2025-01-26,24T,82.5,258.0
2025-01-26,25T,50.6,84.0
2025-01-27,24T,21.1,134.0
2025-01-27,25T,18.1,71.0
2025-01-28,24T,28.3,113.0
2025-01-28,25T,21.9,63.0
2025-01-29,24T,33.7,134.0
2025-01-29,25T,24.5,67.0
2025-01-30,24T,43.3,147.0
2025-01-30,25T,36.7,76.0
2025-01-31,24T,58.9,207.0
2025-01-31,25T,41.4,78.0
2025-02-01,24T,81.1,262.0
2025-02-01,25T,48.5,90.0
2025-02-02,24T,77.3,231.0
2025-02-02,25T,53.1,86.0
2025-02-03,24T,74.7,243.0
2025-02-03,25T,50.4,91.0
2025-02-04,24T,47.5,162.0
2025-02-04,25T,42.1,82.0
2025-02-05,24T,45.9,154.0
2025-02-05,25T,38.6,75.0
2025-02-06,24T,65.8,200.0
2025-02-06,25T,42.2,75.0
2025-02-07,24T,73.3,236.0
2025-02-07,25T,49.0,88.0
2025-02-08,24T,40.7,143.0
2025-02-08,25T,31.0,77.0
2025-02-09,24T,15.6,83.0
2025-02-09,25T,14.3,57.0
2025-02-10,24T,30.7,119.0
2025-02-10,25T,18.0,59.0
2025-02-11,24T,44.2,178.0
2025-02-11,25T,33.3,78.0
2025-02-12,24T,69.2,269.0
2025-02-12,25T,46.4,91.0
2025-02-13,24T,71.4,227.0
2025-02-13,25T,47.0,88.0
2025-02-14,24T,67.4,208.0
2025-02-14,25T,46.7,83.0
2025-02-15,24T,64.8,177.0
2025-02-15,25T,41.8,77.0
2025-02-16,24T,80.9,168.0
2025-02-16,25T,43.0,75.0
2025-02-17,24T,44.6,102.0
2025-02-17,25T,30.3,56.0
2025-02-18,24T,32.3,80.0
2025-02-18,25T,21.6,46.0
2025-02-19,24T,56.9,214.0
2025-02-19,25T,31.0,65.0
2025-02-20,24T,58.7,192.0
2025-02-20,25T,39.0,74.0
2025-02-21,24T,56.6,185.0
2025-02-21,25T,46.6,93.0
2025-02-22,24T,46.1,147.0
2025-02-22,25T,31.3,70.0
2025-02-23,24T,40.4,153.0
2025-02-23,25T,31.7,72.0
2025-02-24,24T,22.2,112.0
2025-02-24,25T,13.8,49.0
2025-02-25,24T,23.7,101.0
2025-02-25,25T,13.6,48.0
2025-02-26,24T,20.8,89.0
2025-02-26,25T,13.5,42.0
2025-02-27,24T,36.7,136.0
2025-02-27,25T,23.9,60.0
2025-02-28,24T,50.0,169.0
2025-02-28,25T,31.7,62.0
2025-03-01,24T,35.5,105.0
2025-03-01,25T,23.4,52.0
2025-03-02,24T,25.8,71.0
2025-03-02,25T,18.0,47.0
2025-03-03,24T,27.5,77.0
2025-03-03,25T,19.2,51.0
2025-03-04,24T,25.9,77.0
2025-03-04,25T,15.6,46.0
2025-03-05,24T,25.2,71.0
2025-03-05,25T,17.0,45.0
2025-03-06,24T,24.1,77.0
2025-03-06,25T,13.5,39.0
2025-03-07,24T,28.4,108.0
2025-03-07,25T,20.9,60.0
2025-03-08,24T,25.2,105.0
2025-03-08,25T,14.7,49.0
2025-03-09,24T,24.1,88.0
2025-03-09,25T,17.8,52.0
2025-03-10,24T,38.8,132.0
2025-03-10,25T,25.5,62.0
2025-03-11,24T,44.5,155.0
2025-03-11,25T,33.9,66.0
2025-03-12,24T,28.7,85.0
2025-03-12,25T,16.7,41.0
2025-03-13,24T,23.5,84.0
2025-03-13,25T,14.0,35.0
2025-03-14,24T,24.9,82.0
2025-03-14,25T,14.3,38.0
2025-03-15,24T,27.0,91.0
2025-03-15,25T,17.2,47.0
2025-03-16,24T,28.4,104.0
2025-03-16,25T,15.6,44.0
2025-03-17,24T,35.8,110.0
2025-03-17,25T,22.4,49.0
2025-03-18,24T,38.0,112.0
2025-03-18,25T,27.2,58.0
2025-03-19,24T,37.9,111.0
2025-03-19,25T,25.9,73.0
2025-03-20,24T,48.8,139.0
2025-03-20,25T,27.3,87.0
2025-03-21,24T,53.5,163.0
2025-03-21,25T,44.3,90.0
2025-03-22,24T,59.7,170.0
2025-03-22,25T,48.8,90.0
2025-03-23,24T,74.8,206.0
2025-03-23,25T,61.7,102.0
2025-03-24,24T,83.3,213.0
2025-03-24,25T,66.8,104.0
2025-03-25,24T,60.4,128.0
2025-03-25,25T,44.6,81.0
2025-03-26,24T,52.5,113.0
2025-03-26,25T,41.6,75.0
2025-03-27,24T,47.0,98.0
2025-03-27,25T,40.1,70.0
2025-03-28,24T,46.4,109.0
2025-03-28,25T,35.9,66.0
2025-03-29,24T,43.5,90.0
2025-03-29,25T,37.7,66.0
2025-03-30,24T,39.7,102.0
2025-03-30,25T,31.5,52.0
2025-03-31,24T,37.0,105.0
2025-03-31,25T,26.4,60.0
2025-04-01,24T,46.6,147.0
2025-04-01,25T,33.8,75.0
2025-04-02,24T,34.8,114.0
2025-04-02,25T,31.8,69.0
2025-04-03,24T,50.6,175.0
2025-04-03,25T,36.9,76.0
2025-04-04,24T,38.0,101.0
2025-04-04,25T,20.7,47.0
2025-04-05,24T,24.2,72.0
2025-04-05,25T,12.9,41.0
2025-04-06,24T,26.3,71.0
2025-04-06,25T,17.5,42.0
2025-04-07,24T,29.2,77.0
2025-04-07,25T,18.4,43.0
2025-04-08,24T,39.9,139.0
2025-04-08,25T,22.5,49.0
2025-04-09,24T,40.2,139.0
2025-04-09,25T,22.8,48.0
2025-04-10,24T,27.9,88.0
2025-04-10,25T,13.3,32.0
2025-04-11,24T,25.6,60.0
2025-04-11,25T,15.9,37.0
2025-04-12,24T,25.9,57.0
2025-04-12,25T,15.2,36.0
2025-04-13,24T,23.9,64.0
2025-04-13,25T,15.9,43.0
2025-04-14,24T,28.5,86.0
2025-04-14,25T,17.8,51.0
2025-04-15,24T,30.5,78.0
2025-04-15,25T,22.0,60.0
2025-04-16,24T,22.9,51.0
2025-04-16,25T,17.5,34.0
2025-04-17,24T,22.3,60.0
2025-04-17,25T,12.6,40.0
2025-04-18,24T,21.1,51.0
2025-04-18,25T,13.2,35.0
2025-04-19,24T,25.3,64.0
2025-04-19,25T,12.9,34.0
2025-04-20,24T,18.0,52.0
2025-04-20,25T,9.3,26.0
2025-04-21,24T,20.8,57.0
2025-04-21,25T,11.9,31.0
2025-04-22,24T,20.6,51.0
2025-04-22,25T,12.5,32.0
2025-04-23,24T,24.3,65.0
2025-04-23,25T,13.6,35.0
2025-04-24,24T,21.9,61.0
2025-04-24,25T,12.4,32.0
2025-04-25,24T,26.5,89.0
2025-04-25,25T,17.7,37.0
2025-04-26,24T,21.1,62.0
2025-04-26,25T,13.5,34.0
2025-04-27,24T,22.3,84.0
2025-04-27,25T,,29.0
2025-04-28,24T,26.3,100.0
2025-04-28,25T,10.5,32.0
2025-04-29,24T,32.8,159.0
2025-04-29,25T,15.2,49.0
2025-04-30,24T,32.4,122.0
2025-04-30,25T,19.3,47.0
2025-05-01,24T,29.7,79.0
2025-05-01,25T,20.5,41.0
2025-05-02,24T,41.3,118.0
2025-05-02,25T,24.2,49.0
2025-05-03,24T,36.1,108.0
2025-05-03,25T,18.8,41.0
2025-05-04,24T,32.8,107.0
2025-05-04,25T,18.1,38.0
2025-05-05,24T,25.8,91.0
2025-05-05,25T,10.7,29.0
2025-05-06,24T,23.8,77.0
2025-05-06,25T,11.3,28.0
2025-05-07,24T,21.2,68.0
2025-05-07,25T,8.9,27.0
2025-05-08,24T,19.0,55.0
2025-05-08,25T,9.3,30.0
2025-05-09,24T,19.2,64.0
2025-05-09,25T,13.2,32.0
2025-05-10,24T,20.1,75.0
2025-05-10,25T,11.0,29.0
2025-05-11,24T,22.2,95.0
2025-05-11,25T,8.1,27.0
2025-05-12,24T,21.1,75.0
2025-05-12,25T,9.5,31.0
2025-05-13,24T,22.1,92.0
2025-05-13,25T,8.9,31.0
2025-05-14,24T,20.4,106.0
2025-05-14,25T,,24.0
2025-05-15,24T,25.1,144.0
2025-05-15,25T,9.5,29.0
2025-05-16,24T,32.3,198.0
2025-05-16,25T,11.6,42.0
2025-05-17,24T,28.5,164.0
2025-05-17,25T,12.7,38.0
2025-05-18,24T,22.3,111.0
2025-05-18,25T,13.1,39.0
2025-05-19,24T,27.1,
2025-05-19,25T,15.1,35.0
2025-05-20,24T,34.1,
2025-05-20,25T,14.1,40.0
2025-05-21,24T,29.4,131.0
2025-05-21,25T,14.6,33.0
2025-05-22,24T,32.6,150.0
2025-05-22,25T,,
2025-05-23,24T,22.2,86.0
2025-05-23,25T,,
2025-05-24,24T,17.3,72.0
2025-05-24,25T,6.8,21.0
2025-05-25,24T,21.2,88.0
2025-05-25,25T,10.3,30.0
2025-05-26,24T,20.6,104.0
2025-05-26,25T,6.0,18.0
2025-05-27,24T,23.4,99.0
2025-05-27,25T,5.6,20.0
2025-05-28,24T,17.5,57.0
2025-05-28,25T,9.5,25.0
2025-05-29,24T,20.0,83.0
2025-05-29,25T,6.2,23.0
2025-05-30,24T,22.1,103.0
2025-05-30,25T,8.2,25.0
2025-05-31,24T,15.8,57.0
2025-05-31,25T,7.7,27.0
2025-06-01,24T,16.3,62.0
2025-06-01,25T,10.0,29.0
2025-06-02,24T,14.2,51.0
2025-06-02,25T,7.8,25.0
2025-06-03,24T,21.0,70.0
2025-06-03,25T,12.6,35.0
2025-06-04,24T,24.4,77.0
2025-06-04,25T,17.6,49.0
2025-06-05,24T,27.2,85.0
2025-06-05,25T,20.9,53.0
2025-06-06,24T,25.2,70.0
2025-06-06,25T,19.1,46.0
2025-06-07,24T,22.6,58.0
2025-06-07,25T,16.9,40.0
2025-06-08,24T,18.6,51.0
2025-06-08,25T,12.9,31.0
2025-06-09,24T,14.3,49.0
2025-06-09,25T,4.9,19.0
2025-06-10,24T,16.1,47.0
2025-06-10,25T,7.7,24.0
2025-06-11,24T,22.0,67.0
2025-06-11,25T,16.7,37.0
2025-06-12,24T,19.6,54.0
2025-06-12,25T,16.4,41.0
2025-06-13,24T,13.2,47.0
2025-06-13,25T,8.5,24.0
2025-06-14,24T,13.7,40.0
2025-06-14,25T,6.4,22.0
2025-06-15,24T,11.5,33.0
2025-06-15,25T,5.3,20.0
2025-06-16,24T,9.5,38.0
2025-06-16,25T,6.6,22.0
2025-06-17,24T,10.8,41.0
2025-06-17,25T,8.6,27.0
2025-06-18,24T,13.3,45.0
2025-06-18,25T,7.9,25.0
2025-06-19,24T,17.0,73.0
2025-06-19,25T,7.1,26.0
2025-06-20,24T,15.8,64.0
2025-06-20,25T,7.0,23.0
2025-06-21,24T,14.7,50.0
2025-06-21,25T,8.6,26.0
2025-06-22,24T,15.1,40.0
2025-06-22,25T,7.9,21.0
2025-06-23,24T,14.3,55.0
2025-06-23,25T,7.0,21.0
2025-06-24,24T,16.0,56.0
2025-06-24,25T,8.0,23.0
2025-06-25,24T,15.9,45.0
2025-06-25,25T,,29.0
2025-06-26,24T,17.0,52.0
2025-06-26,25T,6.2,29.0
2025-06-27,24T,16.5,68.0
2025-06-27,25T,,26.0
2025-06-28,24T,13.7,47.0
2025-06-28,25T,8.8,24.0
2025-06-29,24T,12.8,41.0
2025-06-29,25T,9.0,21.0
2025-06-30,24T,18.1,66.0
2025-06-30,25T,8.0,22.0
2025-07-01,24T,21.0,69.0
2025-07-01,25T,11.3,29.0
2025-07-02,24T,16.0,59.0
2025-07-02,25T,8.9,25.0
2025-07-03,24T,18.6,61.0
2025-07-03,25T,,30.0
2025-07-04,24T,21.6,83.0
2025-07-04,25T,,36.0
2025-07-05,24T,16.6,65.0
2025-07-05,25T,,30.0
2025-07-06,24T,15.0,54.0
2025-07-06,25T,,30.0
2025-07-07,24T,19.2,59.0
2025-07-07,25T,,34.0
2025-07-08,24T,18.2,65.0
2025-07-08,25T,,30.0
2025-07-09,24T,19.1,87.0
2025-07-09,25T,,31.0
2025-07-10,24T,22.3,69.0
2025-07-10,25T,,43.0
2025-07-11,24T,18.4,58.0
2025-07-11,25T,,48.0
2025-07-12,24T,19.6,61.0
2025-07-12,25T,,59.0
2025-07-13,24T,19.3,62.0
2025-07-13,25T,,
2025-07-14,24T,19.2,60.0
2025-07-14,25T,,
2025-07-15,24T,20.5,55.0
2025-07-15,25T,,
2025-07-16,24T,17.0,53.0
2025-07-16,25T,,29.0
2025-07-17,24T,16.7,65.0
2025-07-17,25T,,23.0
2025-07-18,24T,11.7,45.0
2025-07-18,25T,,25.0
2025-07-19,24T,12.3,49.0
2025-07-19,25T,,28.0
2025-07-20,24T,11.3,30.0
2025-07-20,25T,,23.0
2025-07-21,24T,11.0,32.0
2025-07-21,25T,,26.0
2025-07-22,24T,10.4,27.0
2025-07-22,25T,2.6,29.0
2025-07-23,24T,10.7,27.0
2025-07-23,25T,,28.0
2025-07-24,24T,13.7,43.0
2025-07-24,25T,3.7,39.0
2025-07-25,24T,21.5,70.0
2025-07-25,25T,12.4,50.0
2025-07-26,24T,20.8,62.0
2025-07-26,25T,20.7,53.0
2025-07-27,24T,13.2,36.0
2025-07-27,25T,10.6,29.0
2025-07-28,24T,16.3,47.0
2025-07-28,25T,14.1,38.0
2025-07-29,24T,12.5,37.0
2025-07-29,25T,9.1,29.0
2025-07-30,24T,16.1,43.0
2025-07-30,25T,,37.0
2025-07-31,24T,24.7,66.0
2025-07-31,25T,8.2,48.0
2025-08-01,24T,23.9,78.0
2025-08-01,25T,6.7,46.0
2025-08-02,24T,17.0,55.0
2025-08-02,25T,4.4,38.0
2025-08-03,24T,16.0,41.0
2025-08-03,25T,4.2,30.0
2025-08-04,24T,16.4,46.0
2025-08-04,25T,3.7,28.0
2025-08-05,24T,17.9,45.0
2025-08-05,25T,3.4,31.0
2025-08-06,24T,16.1,51.0
2025-08-06,25T,4.3,34.0
2025-08-07,24T,26.3,95.0
2025-08-07,25T,,36.0
2025-08-08,24T,23.4,74.0
2025-08-08,25T,5.2,38.0
2025-08-09,24T,20.3,62.0
2025-08-09,25T,,39.0
2025-08-10,24T,13.5,40.0
2025-08-10,25T,,30.0
2025-08-11,24T,17.9,63.0
2025-08-11,25T,,31.0
2025-08-12,24T,18.4,60.0
2025-08-12,25T,,31.0
2025-08-13,24T,16.7,56.0
2025-08-13,25T,,29.0
2025-08-14,24T,21.0,64.0
2025-08-14,25T,5.4,35.0
2025-08-15,24T,21.2,73.0
2025-08-15,25T,8.7,30.0
2025-08-16,24T,14.3,59.0
2025-08-16,25T,5.2,19.0
2025-08-17,24T,16.6,53.0
2025-08-17,25T,9.7,26.0
2025-08-18,24T,18.2,69.0
2025-08-18,25T,,35.0
2025-08-19,24T,20.0,64.0
2025-08-19,25T,,30.0
2025-08-20,24T,22.2,84.0
2025-08-20,25T,,25.0
2025-08-21,24T,24.4,82.0
2025-08-21,25T,9.5,35.0
2025-08-22,24T,18.1,75.0
2025-08-22,25T,6.9,20.0
2025-08-23,24T,12.6,54.0
2025-08-23,25T,9.7,25.0
2025-08-24,24T,17.9,72.0
2025-08-24,25T,8.9,26.0
2025-08-25,24T,19.8,81.0
2025-08-25,25T,11.1,29.0
2025-08-26,24T,17.9,58.0
2025-08-26,25T,11.1,31.0
2025-08-27,24T,19.7,56.0
2025-08-27,25T,14.6,36.0
2025-08-28,24T,22.1,63.0
2025-08-28,25T,25.6,44.0
2025-08-29,24T,31.8,132.0
2025-08-29,25T,16.4,39.0
2025-08-30,24T,32.5,113.0
2025-08-30,25T,21.9,45.0
2025-08-31,24T,22.1,65.0
2025-08-31,25T,14.3,30.0
2025-09-01,24T,20.4,69.0
2025-09-01,25T,7.9,26.0
2025-09-02,24T,20.1,88.0
2025-09-02,25T,13.5,26.0
2025-09-03,24T,20.7,80.0
2025-09-03,25T,,
2025-09-04,24T,16.7,64.0
2025-09-04,25T,,
2025-09-05,24T,22.5,82.0
2025-09-05,25T,,
2025-09-06,24T,22.9,91.0
2025-09-06,25T,15.4,36.0
2025-09-07,24T,16.5,47.0
2025-09-07,25T,10.8,27.0
2025-09-08,24T,10.0,40.0
2025-09-08,25T,6.8,18.0
2025-09-09,24T,12.7,43.0
2025-09-09,25T,8.0,20.0
2025-09-10,24T,13.9,45.0
2025-09-10,25T,7.7,22.0
2025-09-11,24T,18.4,82.0
2025-09-11,25T,8.2,26.0
2025-09-12,24T,26.8,112.0
2025-09-12,25T,17.3,41.0
2025-09-13,24T,30.6,123.0
2025-09-13,25T,17.5,44.0
2025-09-14,24T,23.0,93.0
2025-09-14,25T,13.9,36.0
2025-09-15,24T,24.0,95.0
2025-09-15,25T,11.3,34.0
2025-09-16,24T,17.4,64.0
2025-09-16,25T,9.3,25.0
2025-09-17,24T,26.7,95.0
2025-09-17,25T,14.7,
2025-09-18,24T,18.2,67.0
2025-09-18,25T,9.1,
2025-09-19,24T,18.6,66.0
2025-09-19,25T,9.7,
2025-09-20,24T,17.4,71.0
2025-09-20,25T,8.2,
2025-09-21,24T,13.0,39.0
2025-09-21,25T,7.3,
2025-09-22,24T,15.8,58.0
2025-09-22,25T,9.0,
2025-09-23,24T,15.6,62.0
2025-09-23,25T,9.5,
2025-09-24,24T,14.0,50.0
2025-09-24,25T,10.3,
2025-09-25,24T,15.2,44.0
2025-09-25,25T,11.0,
2025-09-26,24T,21.2,85.0
2025-09-26,25T,11.1,
2025-09-27,24T,16.3,58.0
2025-09-27,25T,14.0,
2025-09-28,24T,19.7,79.0
2025-09-28,25T,10.2,
2025-09-29,24T,17.1,74.0
2025-09-29,25T,9.3,
2025-09-30,24T,16.7,63.0
2025-09-30,25T,7.7,
2025-10-01,24T,21.0,79.0
2025-10-01,25T,15.0,
2025-10-02,24T,30.6,131.0
2025-10-02,25T,13.3,
2025-10-03,24T,24.2,90.0
2025-10-03,25T,,
2025-10-04,24T,21.7,95.0
2025-10-04,25T,,
2025-10-05,24T,24.6,82.0
2025-10-05,25T,,
2025-10-06,24T,17.5,52.0
2025-10-06,25T,,
2025-10-07,24T,19.1,58.0
2025-10-07,25T,,24.0
2025-10-08,24T,22.9,96.0
2025-10-08,25T,,
2025-10-09,24T,25.6,122.0
2025-10-09,25T,,
2025-10-10,24T,32.6,166.0
2025-10-10,25T,,32.0
2025-10-11,24T,32.9,148.0
2025-10-11,25T,,34.0
2025-10-12,24T,,
2025-10-12,25T,,37.0
2025-10-13,24T,,
2025-10-13,25T,,27.0
2025-10-14,24T,24.7,123.0
2025-10-14,25T,,29.0
2025-10-15,24T,24.3,111.0
2025-10-15,25T,,36.0
2025-10-16,24T,29.5,138.0
2025-10-16,25T,,36.0
2025-10-17,24T,24.7,109.0
2025-10-17,25T,,31.0
2025-10-18,24T,20.0,84.0
2025-10-18,25T,,28.0
2025-10-19,24T,13.4,56.0
2025-10-19,25T,,29.0
2025-10-20,24T,25.9,98.0
2025-10-20,25T,,38.0
2025-10-21,24T,28.1,100.0
2025-10-21,25T,,40.0
2025-10-22,24T,25.0,109.0
2025-10-22,25T,,36.0
2025-10-23,24T,24.0,111.0
2025-10-23,25T,,33.0
2025-10-24,24T,15.5,73.0
2025-10-24,25T,,29.0
2025-10-25,24T,18.4,81.0
2025-10-25,25T,,35.0
2025-10-26,24T,17.9,62.0
2025-10-26,25T,,31.0
2025-10-27,24T,28.1,103.0
2025-10-27,25T,,37.0
2025-10-28,24T,32.4,146.0
2025-10-28,25T,,38.0
2025-10-29,24T,28.0,109.0
2025-10-29,25T,,38.0
2025-10-30,24T,31.2,132.0
2025-10-30,25T,,32.0
2025-10-31,24T,29.0,148.0
2025-10-31,25T,,28.0
2025-11-01,24T,23.9,110.0
2025-11-01,25T,,23.0
2025-11-02,24T,15.3,
2025-11-02,25T,,23.0
2025-11-03,24T,15.3,
2025-11-03,25T,,21.0
2025-11-04,24T,19.2,
2025-11-04,25T,,26.0
2025-11-05,24T,21.3,96.0
2025-11-05,25T,,33.0
2025-11-06,24T,30.3,138.0
2025-11-06,25T,,33.0
2025-11-07,24T,30.6,147.0
2025-11-07,25T,,38.0
2025-11-08,24T,21.8,96.0
2025-11-08,25T,,23.0
2025-11-09,24T,30.1,103.0
2025-11-09,25T,,34.0
2025-11-10,24T,29.8,119.0
2025-11-10,25T,,32.0
2025-11-11,24T,34.9,143.0
2025-11-11,25T,,40.0
2025-11-12,24T,39.4,182.0
2025-11-12,25T,,38.0
2025-11-13,24T,29.5,134.0
2025-11-13,25T,,39.0
2025-11-14,24T,27.8,112.0
2025-11-14,25T,,39.0
2025-11-15,24T,31.3,116.0
2025-11-15,25T,,46.0
2025-11-16,24T,,82.0
2025-11-16,25T,,38.0
2025-11-17,24T,,
2025-11-17,25T,,32.0
2025-11-18,24T,19.5,89.0
2025-11-18,25T,,34.0
2025-11-19,24T,17.0,82.0
2025-11-19,25T,,33.0
2025-11-20,24T,,82.0
2025-11-20,25T,,35.0
2025-11-21,24T,,99.0
2025-11-21,25T,,41.0
2025-11-22,24T,,102.0
2025-11-22,25T,,48.0
2025-11-23,24T,,77.0
2025-11-23,25T,,45.0
2025-11-24,24T,,98.0
2025-11-24,25T,,40.0
2025-11-25,24T,,99.0
2025-11-25,25T,,61.0
2025-11-26,24T,,99.0
2025-11-26,25T,,55.0
2025-11-27,24T,,111.0
2025-11-27,25T,,64.0
2025-11-28,24T,,133.0
2025-11-28,25T,20.0,65.0
2025-11-29,24T,46.6,174.0
2025-11-29,25T,20.1,66.0
2025-11-30,24T,47.5,172.0
2025-11-30,25T,25.0,74.0
2025-12-01,24T,46.3,174.0
2025-12-01,25T,27.0,82.0
2025-12-02,24T,50.6,190.0
2025-12-02,25T,26.5,78.0
2025-12-03,24T,46.7,188.0
2025-12-03,25T,25.8,75.0
2025-12-04,24T,24.1,103.0
2025-12-04,25T,22.4,46.0
2025-12-05,24T,20.3,80.0
2025-12-05,25T,22.4,46.0
2025-12-06,24T,27.5,114.0
2025-12-06,25T,22.1,38.0
2025-12-07,24T,29.5,123.0
2025-12-07,25T,23.0,50.0
2025-12-08,24T,26.8,112.0
2025-12-08,25T,23.3,52.0
2025-12-09,24T,32.5,113.0
2025-12-09,25T,24.0,57.0
2025-12-10,24T,26.6,97.0
2025-12-10,25T,23.5,60.0
2025-12-11,24T,30.5,115.0
2025-12-11,25T,,
2025-12-12,24T,35.2,155.0
2025-12-12,25T,,
2025-12-13,24T,33.8,132.0
2025-12-13,25T,,
2025-12-14,24T,20.7,89.0
2025-12-14,25T,,
2025-12-15,24T,18.3,93.0
2025-12-15,25T,,
2025-12-16,24T,27.8,126.0
2025-12-16,25T,,
2025-12-17,24T,29.3,131.0
2025-12-17,25T,,
2025-12-18,24T,21.7,98.0
2025-12-18,25T,20.7,43.0
2025-12-19,24T,38.3,158.0
2025-12-19,25T,30.2,60.0
2025-12-20,24T,44.0,171.0
2025-12-20,25T,33.2,60.0
2025-12-21,24T,32.7,117.0
2025-12-21,25T,29.0,52.0
2025-12-22,24T,31.2,118.0
2025-12-22,25T,21.8,45.0
2025-12-23,24T,42.8,182.0
2025-12-23,25T,26.6,49.0
2025-12-24,24T,44.5,184.0
2025-12-24,25T,27.8,58.0
2025-12-25,24T,43.7,166.0
2025-12-25,25T,27.2,57.0
2025-12-26,24T,21.2,97.0
2025-12-26,25T,18.8,49.0
2025-12-27,24T,25.8,105.0
2025-12-27,25T,19.9,50.0
2025-12-28,24T,29.9,99.0
2025-12-28,25T,22.8,50.0
2025-12-29,24T,29.3,95.0
2025-12-29,25T,30.4,55.0
2025-12-30,24T,33.2,96.0
2025-12-30,25T,34.2,64.0
2025-12-31,24T,36.7,85.0
2025-12-31,25T,42.8,67.0
